guests,bedrooms,beds,bathrooms,price
4,0,2,1,160
2,1,1,1,207
2,1,1,1,225
4,2,3,1,800
2,1,1,1,144
2,1,1,1,75
3,2,2,1,99
1,1,1,1,83
2,1,1,1,120
6,2,3,1,171
2,1,2,1,160
3,1,2,1,185
2,1,1,1,144
3,1,2,1,170
4,1,2,1,157
4,1,3,1,175
2,1,1,1,189
1,2,1,1,50
2,1,2,1,131
3,2,2,1,100
2,1,1,1,269
7,2,4,1,145
2,1,1,1,182
2,2,1,1,254
1,1,1,1,87
4,2,1,1,288
4,2,2,1,190
2,1,1,1,396
3,1,3,1,127
8,4,4,2,550
4,1,1,1,260
6,3,3,1,650
2,1,1,1,90
2,1,2,1,270
4,2,3,2,150
2,1,1,1,135
2,1,2,1,138
3,1,2,1,248
2,0,1,1,240
6,2,3,2,385
2,1,1,1,98
2,1,1,1,128
2,1,1,1,86
2,1,1,1,84
1,1,1,1,162
2,1,1,1,140
2,1,1,1,120
2,0,1,1,115
2,1,1,1,125
8,4,6,2,780
4,2,2,1,105
2,1,1,1,115
5,3,3,1,350
4,2,2,1,208
6,3,3,2,490
4,1,1,1,309
4,1,2,1,350
2,1,1,1,75
2,1,1,1,110
3,1,2,1,154
3,2,2,2,250
2,1,1,1,81
4,2,2,2,175
4,0,2,1,197
4,2,2,1,110
2,1,1,1,250
4,1,1,1,180
4,2,2,1,250
5,1,3,1,227
2,1,1,1,100
5,3,3,2,485
2,1,1,1,180
4,2,2,1,380
4,3,3,2,200
4,2,4,1,110
2,1,1,1,130
6,4,4,3,725
2,1,1,1,150
4,2,2,1,350
3,1,2,1,170
4,1,2,1,110
1,1,1,1,85
2,1,2,1,150
1,1,1,1,75
2,1,1,1,88
2,1,1,1,200
3,2,2,1,115
4,2,3,1,120
3,1,3,1,344
2,0,1,1,150
3,1,2,1,150
2,1,1,1,290
2,1,1,1,95
4,2,2,1,195
2,1,1,1,106
2,1,2,1,120
4,1,2,1,229
2,1,1,1,89
4,2,2,2,500
2,1,1,1,81
2,1,1,1,140
2,1,1,1,223
6,2,4,2,484
4,2,2,1,280
3,1,2,1,80
2,0,1,1,247
2,1,1,1,104
1,1,1,1,151
2,1,2,1,75
2,1,1,1,120
2,1,1,1,268
3,1,1,1,178
4,2,2,1,400
3,2,3,1,96
2,1,1,1,120
6,2,3,2,385
2,1,1,1,79
3,1,2,1,172
5,2,3,2,315
6,3,3,4,478
1,1,1,1,39
3,1,1,1,141
4,2,2,1,450
10,5,5,3,686
2,1,1,1,135
9,5,6,2,750
4,1,2,2,380
4,1,2,1,170
2,1,1,1,88
2,0,1,1,135
3,1,2,1,171
1,1,1,1,123
4,2,2,2,395
2,1,1,1,125
4,2,3,2,389
2,0,1,1,120
4,1,3,1,251
4,2,2,1,325
2,1,1,1,205
2,1,1,1,128
3,1,2,1,282
2,1,1,1,130
2,0,1,1,70
2,1,1,1,195
2,1,1,1,72
5,3,3,2,725
4,2,2,1,120
2,1,1,1,115
6,2,4,1,156
2,2,1,1,250
2,1,1,1,149
4,2,1,2,110
8,3,3,1,250
4,1,1,1,322
1,1,1,1,65
1,1,1,1,65
2,2,2,1,150
4,2,2,1,475
2,1,1,1,85
2,1,2,1,129
4,2,2,2,350
1,1,1,1,80
2,1,1,1,128
6,2,4,1,336
2,1,1,1,100
2,1,1,1,100
6,2,3,1,411
2,1,1,1,150
2,1,1,1,80
3,2,2,1,214
3,2,2,1,175
2,0,1,1,105
2,1,1,1,137
6,3,3,2,260
2,0,1,1,129
4,2,3,2,375
4,2,2,1,229
4,2,2,1,207
2,1,1,1,199
4,1,2,1,246
2,0,1,1,122
2,1,1,1,207
2,1,1,1,120
5,2,2,1,157
2,1,1,1,150
8,4,4,4,1450
6,3,3,2,493
8,3,4,2,371
2,1,1,1,177
4,2,2,1,200
2,1,1,1,85
4,2,3,2,350
3,1,2,1,150
10,4,4,2,650
2,2,1,1,145
2,1,1,1,155
2,1,1,1,60
4,2,2,1,250
4,2,2,2,402
2,1,1,1,201
6,3,3,2,599
2,1,1,1,70
3,1,1,1,200
1,1,1,1,85
2,0,1,1,125
2,0,1,1,149
3,2,2,1,226
4,2,2,2,250
2,1,1,1,141
6,2,3,1,213
2,0,1,1,280
2,1,1,1,479
2,1,1,1,169
4,2,2,1,220
3,1,1,1,100
4,2,2,2,236
2,1,1,1,125
2,1,1,1,184
3,1,2,1,196
2,1,1,1,250
4,2,4,1,425
6,2,3,1,200
3,1,2,1,190
2,1,1,1,110
3,1,1,1,98
2,1,1,1,108
2,1,1,1,160
2,0,1,1,204
1,2,1,1,103
3,1,1,1,98
2,1,1,1,202
2,1,1,1,163
2,1,1,1,353
2,1,1,1,84
1,1,1,1,45
2,1,1,1,221
2,1,1,1,39
2,0,1,1,210
1,1,1,1,43
2,1,1,1,58
2,1,1,1,59
1,1,1,1,51
6,2,3,1,148
4,1,2,1,312
3,2,2,2,195
4,1,2,2,155
1,1,1,1,59
1,1,1,1,58
4,2,2,1,175
2,1,1,1,85
2,1,1,1,147
2,0,1,1,216
4,2,2,1,255
4,1,1,1,200
3,1,1,1,145
4,2,2,1,207
1,1,2,1,85
1,1,1,1,95
2,1,1,1,123
2,1,1,1,65
4,2,2,1,200
2,1,3,1,90
2,1,1,1,97
3,0,1,1,139
1,1,1,1,68
3,2,2,1,195
2,1,1,1,227
2,1,1,0,130
2,1,1,1,159
5,1,2,1,199
2,1,1,1,119
4,2,2,2,380
2,1,1,1,294
4,1,1,1,140
2,0,1,1,229
6,2,3,2,250
6,2,3,1,294
4,2,2,1,150
3,1,1,1,185
3,1,2,1,314
6,2,3,1,104
4,1,2,1,150
3,1,2,1,225
1,1,1,1,54
6,2,6,2,355
6,3,3,1,557
4,2,2,1,350
2,0,2,1,124
1,1,1,1,50
4,1,3,1,325
6,3,3,2,738
2,1,1,1,225
1,1,1,1,50
2,2,2,2,101
2,1,1,1,195
5,2,3,1,210
2,0,1,1,96
2,1,1,1,158
4,2,2,1,195
3,1,2,1,261
4,2,2,2,143
4,2,2,1,185
6,2,3,1,166
5,2,3,2,224
5,2,3,2,370
4,2,2,2,300
11,5,6,3,3000
2,1,1,1,125
6,3,4,1,525
2,1,1,1,94
2,1,1,1,169
2,1,1,1,141
2,1,1,1,120
4,1,2,1,185
1,1,2,1,90
4,2,2,1,139
1,1,1,1,95
4,2,2,2,225
4,2,2,1,350
2,1,1,1,101
5,2,2,2,263
2,1,1,1,170
6,3,4,2,166
2,1,1,1,89
4,2,3,2,255
4,1,2,1,106
4,1,2,1,183
4,1,2,1,176
2,1,1,1,257
6,2,3,1,365
1,2,1,1,77
10,3,3,2,549
4,2,2,2,457
2,0,1,1,99
4,1,2,1,140
3,2,3,2,300
2,1,2,1,232
2,0,1,1,92
2,0,1,1,105
3,2,2,2,160
1,0,1,1,139
6,3,3,2,280
4,2,2,1,180
2,1,1,1,150
8,4,4,2,577
2,1,0,1,105
3,0,1,1,171
2,1,1,1,115
2,1,1,1,76
4,1,4,1,213
2,2,2,2,169
4,2,2,2,245
2,2,2,1,219
4,2,3,1,140
2,1,1,1,96
4,1,4,1,120
1,1,1,1,120
4,2,2,1,244
2,1,1,1,79
2,1,1,1,60
2,1,1,1,230
2,1,1,1,122
2,1,1,1,119
2,1,1,1,144
2,1,1,1,95
2,1,1,1,128
2,1,1,1,109
4,2,2,1,125
5,2,2,2,361
2,1,1,1,200
1,1,1,1,175
4,2,2,1,234
2,1,1,1,123
4,0,2,1,144
2,1,1,1,85
2,1,1,1,75
2,1,1,1,240
2,1,1,1,70
1,1,1,1,149
2,1,1,1,110
5,3,5,2,750
2,1,1,1,130
2,1,1,1,170
4,1,2,1,161
6,2,3,2,476
4,2,3,1,235
4,2,3,1,206
4,2,3,1,225
4,1,1,1,400
2,1,1,1,69
1,1,1,1,63
2,1,1,1,90
3,2,2,1,199
2,1,1,1,129
2,1,2,1,135
2,1,1,1,70
2,2,2,1,130
2,1,2,1,100
2,1,1,1,250
2,1,1,1,124
2,1,1,1,120
4,2,2,2,150
2,1,1,1,173
2,1,1,1,150
2,2,2,1,140
2,1,1,1,69
6,2,3,2,320
2,0,1,1,120
2,1,2,1,129
2,1,1,1,175
4,2,2,1,146
1,1,1,1,71
4,2,2,1,240
6,2,3,2,379
1,1,1,1,73
2,0,1,1,139
5,2,3,1,382
6,3,3,2,163
1,1,2,1,72
6,2,3,1,545
10,4,8,3,1829
1,1,1,1,190
6,3,3,2,200
4,2,2,1,360
6,2,4,1,178
3,0,2,1,110
3,1,2,1,132
4,2,2,1,248
2,1,1,1,286
2,1,1,1,125
4,1,2,1,225
4,2,2,1,231
2,1,1,1,59
7,3,4,3,775
4,2,2,1,150
6,2,2,2,205
3,1,1,1,226
2,0,1,1,93
8,4,4,1,650
4,1,1,1,350
4,2,2,1,349
7,3,3,2,284
4,2,2,2,400
2,1,1,1,223
2,1,1,1,108
4,2,3,1,226
4,2,3,1,221
2,0,2,1,249
2,1,1,1,60
6,2,2,1,355
2,2,2,1,150
4,2,4,1,229
4,2,2,2,668
2,1,1,1,219
3,1,1,1,378
4,2,2,1,215
4,1,1,1,193
4,2,2,2,211
3,1,1,1,125
3,1,2,1,172
6,2,3,2,140
5,2,2,1,130
2,1,1,1,516
2,1,1,1,122
2,1,1,1,280
4,1,2,1,350
2,1,1,1,150
2,0,1,1,155
2,1,2,1,159
1,1,2,1,77
2,1,1,2,115
4,3,3,1,432
3,1,1,1,115
6,3,3,2,1047
2,1,1,1,130
2,1,1,1,100
2,1,1,1,150
6,3,3,2,300
2,1,1,1,80
6,3,3,2,382
4,2,3,1,184
2,1,1,1,169
6,2,2,1,375
2,1,1,1,125
1,1,1,1,78
1,1,1,1,57
3,1,2,1,120
2,1,1,1,151
4,2,2,1,119
4,1,1,1,150
2,1,1,2,160
3,1,2,1,128
2,1,1,1,500
4,2,2,2,299
8,3,3,6,2025
2,1,1,1,110
4,1,2,1,196
2,1,1,1,67
6,1,4,1,261
6,2,4,1,204
6,3,3,1,165
4,1,2,1,215
2,1,1,1,208
6,3,4,2,400
4,2,2,2,443
2,1,1,1,100
5,3,3,2,371
5,2,3,2,525
1,1,2,1,60
5,2,2,1,130
3,1,1,1,120
4,2,2,2,292
4,1,2,1,205
2,1,2,1,125
4,2,2,2,309
2,1,1,1,418
1,1,2,1,250
2,1,2,1,95
2,1,1,1,90
2,1,1,1,232
6,2,3,1,189
5,2,3,1,226
4,2,2,2,296
4,1,2,1,165
1,1,1,1,129
3,1,1,1,130
9,3,3,2,349
2,1,1,1,167
2,1,1,1,107
2,0,1,1,129
3,2,1,1,112
4,1,2,1,88
4,1,2,1,218
3,1,1,1,285
2,1,1,1,95
2,1,1,1,141
4,2,2,1,220
3,1,1,1,139
2,1,1,1,145
3,0,1,1,95
2,1,1,1,90
6,2,2,2,206
1,1,1,1,68
5,1,3,1,300
2,1,1,1,333
2,1,1,1,204
2,1,4,1,295
2,2,1,1,145
2,1,1,1,103
2,1,1,1,100
8,5,5,3,850
2,1,1,1,250
2,1,1,1,104
2,1,1,1,87
2,1,1,1,95
2,2,4,2,200
2,1,1,1,109
2,1,1,1,119
4,2,3,1,200
2,1,2,1,150
5,3,3,3,195
2,1,1,1,150
3,1,1,1,130
2,1,1,1,125
4,2,2,2,165
2,1,1,1,160
2,1,1,1,278
3,1,1,1,115
2,1,1,1,212
2,1,1,1,184
3,2,2,2,150
3,2,3,1,159
3,1,1,1,145
6,2,3,2,108
3,2,2,1,165
5,2,3,1,267
4,1,1,1,103
5,2,3,1,299
8,4,4,4,1162
4,2,2,1,145
6,1,2,1,403
2,1,1,1,225
2,1,1,1,151
4,2,2,2,299
4,2,3,1,275
1,3,2,2,117
4,1,1,1,110
3,2,2,1,175
2,1,1,1,150
2,1,1,1,140
2,1,1,1,58
6,2,3,2,270
2,1,1,1,71
5,2,2,1,220
2,1,1,1,109
5,2,1,2,599
2,1,1,1,258
4,2,2,1,155
2,1,1,1,80
4,2,2,1,225
5,2,3,1,281
3,0,2,1,115
4,1,2,1,144
4,1,1,1,200
4,1,2,1,251
4,1,3,1,267
2,1,1,1,151
2,1,1,1,200
3,1,1,1,115
3,2,2,2,148
4,1,2,1,267
4,2,2,2,145
3,1,1,1,120
8,4,4,2,234
2,1,2,1,124
2,1,1,1,140
2,1,1,1,73
3,1,1,1,120
3,2,2,2,263
2,1,1,1,100
2,1,1,1,215
1,1,1,1,91
1,1,1,1,80
3,1,1,1,115
3,1,1,1,140
4,2,2,1,176
2,1,1,1,110
2,0,1,1,149
4,2,2,1,129
2,1,1,1,121
4,2,2,2,145
3,1,1,1,130
4,2,2,1,250
5,1,3,1,243
4,1,3,1,200
6,3,4,1,201
2,1,1,2,139
6,1,2,1,488
5,2,3,1,260
4,1,2,1,257
8,4,4,2,261
1,1,1,1,75
2,1,1,1,89
3,1,1,1,110
4,0,2,1,240
2,1,1,1,106
4,2,2,1,200
4,2,2,2,199
4,1,2,1,90
4,2,2,1,209
5,1,3,1,262
1,1,1,1,54
3,1,1,1,100
4,2,2,2,145
4,2,2,1,250
3,1,2,1,137
4,2,2,1,212
3,2,2,1,173
1,1,1,1,75
4,2,2,1,340
4,1,2,1,250
4,1,2,1,250
2,1,1,1,140
4,1,2,1,270
4,1,2,1,270
4,1,2,1,270
6,2,3,2,395
2,1,1,2,115
8,4,5,4,628
2,1,1,1,160
3,2,2,1,225
1,1,1,1,80
5,3,3,2,300
6,3,3,2,320
4,1,1,1,175
2,1,1,1,105
6,3,3,2,350
5,2,4,1,334
4,2,2,1,145
3,1,1,1,115
2,1,1,2,88
2,0,1,1,109
4,2,2,2,120
10,5,5,4,824
2,1,1,1,110
2,1,1,1,110
2,1,1,1,129
4,1,2,1,203
2,1,2,1,134
4,2,2,1,185
6,2,2,1,365
3,2,2,1,398
4,1,3,1,251
2,0,1,1,122
2,1,1,1,135
6,1,4,1,393
2,1,2,1,200
3,1,2,1,144
2,0,1,1,100
3,1,2,1,125
4,2,4,1,269
6,2,3,1,221
2,1,1,1,312
2,1,1,1,184
4,2,2,2,280
4,2,2,1,141
5,2,3,2,527
4,2,1,1,150
2,1,1,1,140
12,5,8,3,1164
2,0,1,1,218
3,1,1,1,140
2,0,1,1,114
2,0,1,1,73
2,1,1,1,177
5,3,3,1,329
2,1,1,1,100
4,1,2,1,199
2,1,1,1,90
3,1,1,1,120
4,2,3,1,125
3,1,1,1,139
2,1,2,1,236
2,1,1,1,110
3,1,1,1,115
4,2,2,2,190
7,4,4,3,564
2,1,2,1,204
2,1,1,1,159
3,2,2,1,255
2,1,1,1,255
2,1,1,1,110
1,0,0,0,55
2,1,1,1,110
2,1,1,1,110
3,1,1,1,109
4,1,1,1,223
2,1,1,1,120
1,1,1,1,57
2,0,1,1,145
2,1,1,1,55
2,1,1,1,250
2,1,2,1,321
2,1,1,1,145
3,1,1,1,100
4,2,2,1,140
2,1,1,1,135
2,1,1,1,89
2,1,1,1,155
1,1,1,1,62
2,1,1,1,89
12,6,6,4,306
5,3,3,2,448
2,1,1,1,219
4,2,2,1,300
2,0,1,1,115
2,1,1,1,85
2,1,1,1,51
6,1,3,1,261
4,2,2,2,360
3,1,1,1,115
4,1,2,1,135
4,2,3,1,160
3,1,1,1,160
5,3,3,1,235
4,2,2,1,185
2,2,2,1,146
3,1,1,1,400
2,1,2,1,235
3,1,1,1,110
5,2,2,1,201
4,1,2,1,266
2,1,1,1,189
4,2,2,2,382
4,2,2,2,196
5,3,3,1,142
4,2,2,1,140
2,1,1,1,52
4,1,3,1,273
2,1,1,1,100
2,1,2,1,157
2,1,1,1,104
4,2,2,1,158
2,1,1,1,110
6,3,3,3,245
3,1,1,1,189
2,1,1,1,295
4,1,1,1,169
2,0,1,1,232
4,2,2,2,165
3,0,2,1,124
4,1,3,1,207
4,2,2,1,165
4,2,3,1,308
8,3,4,2,264
1,1,1,2,146
6,2,3,1,124
4,2,2,2,259
2,1,1,1,160
5,3,3,2,199
5,2,2,2,580
1,0,1,1,125
2,1,1,1,179
7,3,3,2,115
3,2,2,1,175
1,1,1,1,110
3,1,1,1,150
6,3,3,1,237
4,2,2,1,162
4,2,2,2,170
3,1,1,1,206
4,1,2,1,300
8,4,6,2,650
2,1,1,1,115
4,1,1,1,143
2,1,1,1,250
2,1,1,1,101
4,1,2,1,172
2,1,2,1,115
5,2,2,2,357
8,3,4,2,324
5,2,2,2,345
16,8,12,6,1384
5,2,3,2,283
2,0,1,1,125
6,2,3,1,154
5,3,3,2,347
3,0,1,1,130
4,1,1,1,223
2,1,1,1,110
2,1,1,1,55
2,1,1,1,45
2,1,1,1,47
2,1,1,1,188
2,1,1,1,53
4,2,2,1,300
2,1,1,1,249
2,1,2,1,136
2,1,1,1,99
2,1,1,1,155
4,1,2,1,148
2,1,1,1,169
1,1,1,1,40
4,1,2,1,243
3,2,2,2,500
2,1,1,1,154
4,2,0,2,220
2,1,1,1,107
4,2,1,2,200
4,2,3,1,147
2,0,1,1,128
4,2,3,1,277
2,1,1,1,112
2,1,1,1,175
2,1,1,1,214
2,1,1,1,105
2,1,1,1,130
2,1,1,1,142
12,5,6,3,575
4,1,2,1,265
2,1,1,1,125
2,1,1,1,139
2,1,1,1,150
2,0,1,1,170
2,1,2,1,400
2,1,1,1,190
10,5,5,5,576
14,7,7,6,658
12,5,5,4,475
2,1,1,1,265
4,1,2,1,260
2,1,1,1,180
2,1,1,1,200
3,1,1,1,110
3,2,2,1,175
4,2,2,1,153
2,1,2,1,120
6,1,3,1,148
2,0,1,1,105
4,1,2,1,318
1,6,1,4,66
3,1,1,1,119
2,1,1,1,167
2,1,2,1,120
2,1,2,1,120
9,3,6,2,225
1,1,1,1,160
2,1,1,1,106
4,2,6,1,124
2,1,1,1,89
3,1,2,1,104
2,1,1,1,72
2,0,1,1,240
2,0,1,1,594
4,1,2,1,260
4,1,1,1,617
4,1,2,1,260
4,1,2,1,95
4,2,2,2,367
2,1,1,1,69
4,1,1,1,311
2,1,1,1,150
5,2,2,2,499
4,2,2,2,315
6,3,5,2,150
10,3,6,2,321
4,2,2,1,241
16,8,10,6,1071
4,1,2,1,500
2,1,1,2,88
4,2,2,1,165
1,1,1,1,39
4,2,2,1,127
4,1,2,1,302
1,1,1,1,40
2,1,1,1,185
2,1,2,1,126
4,2,2,1,108
6,3,3,1,304
2,0,2,0,200
2,1,1,1,178
2,1,1,1,142
2,0,1,1,145
6,3,3,2,270
3,1,2,1,100
2,1,1,1,57
6,3,3,2,864
4,2,2,2,447
5,2,2,2,818
2,1,1,1,165
1,1,1,1,120
2,1,1,1,165
6,2,3,2,279
4,2,2,1,175
4,2,2,1,366
4,2,2,1,109
6,3,3,2,230
2,1,1,1,121
5,2,2,2,329
2,1,1,1,160
2,1,1,1,214
5,2,3,2,321
2,1,1,2,54
2,1,1,2,168
2,1,1,1,149
2,1,1,1,319
4,1,2,1,267
2,1,1,1,234
4,2,2,1,300
2,1,1,2,50
2,1,1,1,155
2,1,1,1,130
2,1,1,1,160
7,4,4,2,504
6,3,4,1,200
2,1,1,1,104
2,1,1,1,999
3,1,1,1,295
4,2,2,1,102
4,2,2,1,120
2,1,1,1,74
2,1,1,1,122
8,3,6,3,379
5,2,4,1,250
2,1,1,1,125
8,4,4,5,1750
8,3,3,1,179
1,1,1,1,65
2,1,1,1,113
2,1,1,1,138
2,1,1,1,231
5,2,3,1,182
2,1,1,1,203
5,2,4,1,192
6,3,3,2,240
1,1,1,2,88
5,3,3,2,200
4,2,2,2,455
4,2,2,1,203
6,2,4,2,231
2,0,1,1,204
2,1,1,1,100
2,1,1,1,142
4,2,2,1,199
2,1,1,1,120
4,2,2,2,390
4,2,2,1,125
2,1,1,1,76
2,1,1,1,142
4,2,2,2,245
1,1,1,1,80
2,1,1,1,222
2,1,2,1,200
6,3,3,3,265
6,3,3,2,500
2,0,1,1,116
2,1,1,1,121
3,1,1,1,120
2,1,1,1,68
6,2,3,1,205
4,2,2,2,195
2,1,1,1,120
6,3,3,2,800
3,1,2,1,345
4,2,3,1,129
2,1,1,1,250
4,2,3,1,141
4,1,2,1,181
2,1,1,1,135
2,1,1,1,137
4,2,3,1,178
2,0,1,1,179
3,1,2,1,339
2,1,1,1,146
5,1,1,1,148
3,1,1,1,225
4,1,2,1,243
6,2,3,1,128
5,3,4,1,500
4,2,3,2,250
6,2,2,1,284
4,2,2,2,181
2,1,1,1,70
4,2,2,1,129
5,2,3,1,308
2,1,1,1,174
4,2,2,2,252
4,2,2,1,127
4,2,2,1,121
3,2,2,1,111
2,1,1,1,319
2,1,1,1,165
2,1,1,1,138
4,2,3,1,183
4,1,3,1,319
4,2,2,1,200
2,1,1,1,185
2,0,1,1,116
4,1,2,1,282
4,2,2,2,199
3,1,1,1,110
4,2,2,1,675
3,1,1,1,300
3,1,1,1,120
4,2,3,1,135
2,0,1,1,140
4,2,3,1,149
1,1,1,1,65
4,1,2,1,150
16,6,10,3,521
2,1,1,1,205
2,1,1,1,84
2,1,1,1,299
4,0,2,1,221
4,2,2,2,165
2,1,1,1,135
3,1,2,1,230
4,1,1,1,98
2,0,1,1,169
3,1,2,1,470
4,2,2,2,179
2,1,1,1,99
4,2,2,1,300
4,2,2,1,236
2,1,1,1,188
1,1,1,1,80
2,1,1,1,200
2,1,1,1,115
2,1,1,1,152
2,1,1,1,175
2,1,2,1,150
2,1,1,1,371
3,1,1,1,211
2,1,1,1,142
6,3,4,1,251
5,2,2,1,300
6,2,3,1,216
6,2,4,1,129
4,1,2,1,169
4,2,2,2,500
2,1,1,1,386
4,2,2,1,500
4,1,2,1,242
2,1,1,1,173
2,1,1,1,145
3,2,2,2,300
2,1,1,1,70
2,1,1,1,115
1,1,1,1,149
4,1,3,1,108
2,1,1,1,175
2,1,1,1,50
5,1,3,1,375
4,2,2,1,275
2,1,1,1,140
5,2,3,1,229
3,1,3,1,228
1,1,1,1,75
4,2,2,2,270
6,2,3,2,873
1,1,1,1,129
2,1,1,1,55
2,1,2,1,125
4,2,2,2,252
2,1,1,1,224
4,1,2,1,258
3,1,2,1,166
7,3,5,1,371
2,1,2,1,158
6,2,3,2,267
6,2,2,2,359
6,3,3,1,383
8,4,6,4,507
2,1,1,1,148
2,1,1,1,126
2,1,1,1,200
4,1,2,1,200
2,0,1,1,72
1,1,1,1,80
4,1,2,1,118
5,2,3,2,425
2,1,1,1,113
3,2,3,1,217
4,2,2,2,242
14,5,6,4,600
5,0,3,1,100
2,2,2,2,269
4,1,2,1,149
2,1,1,1,147
5,2,2,2,600
3,1,2,1,174
2,1,2,1,105
4,2,2,2,328
4,2,2,1,229
1,1,1,1,45
2,0,1,1,250
3,1,2,1,211
4,1,2,1,175
2,0,1,1,108
4,1,2,1,150
2,1,1,1,256
7,3,3,2,434
4,1,2,1,214
2,1,1,1,85
5,2,2,2,172
2,1,1,1,129
3,2,3,1,100
2,1,1,1,145
4,2,2,2,246
4,1,2,1,169
2,1,1,1,135
2,1,1,1,148
2,1,1,1,150
2,1,1,1,91
8,3,4,2,650
2,1,1,1,115
3,1,2,1,166
4,1,2,1,209
5,3,3,2,350
8,4,4,2,323
1,1,1,1,60
1,1,1,1,50
4,2,2,1,160
4,2,2,1,140
4,1,2,1,257
2,1,1,1,68
5,2,3,2,384
5,2,2,2,223
1,1,1,1,50
14,0,8,7,1428
6,2,3,1,214
2,0,1,1,221
3,1,2,1,256
4,2,2,2,255
6,3,3,2,349
6,3,3,2,260
2,1,1,1,391
8,4,4,3,209
3,1,1,1,150
2,1,1,1,206
3,2,2,2,399
2,1,1,1,281
2,1,1,1,255
3,2,2,1,469
4,1,2,1,196
2,1,1,1,72
4,2,2,2,168
4,2,2,2,300
5,2,2,2,518
3,1,2,1,130
4,1,2,1,214
2,1,2,1,189
12,6,6,3,193
3,1,2,1,152
4,1,2,1,319
2,0,1,1,61
4,2,3,2,197
3,1,1,1,220
8,4,3,2,100
6,2,3,2,473
7,2,4,2,530
3,1,1,1,189
2,1,1,1,123
2,1,1,1,93
6,3,3,2,63
5,3,3,2,455
4,2,3,1,150
2,1,1,1,312
4,2,2,1,142
2,1,2,1,125
4,3,3,2,192
4,1,3,1,231
4,1,1,1,275
2,0,1,1,69
3,1,2,1,149
1,0,1,1,200
4,1,2,1,282
4,2,2,1,118
2,1,1,1,131
12,5,6,2,600
3,0,1,1,183
10,5,5,3,1560
2,1,1,1,121
2,1,1,1,99
2,1,2,1,169
2,1,1,1,41
4,1,3,1,272
10,4,5,1,857
8,3,4,2,852
6,3,5,2,439
5,2,3,2,199
4,2,2,2,259
5,2,3,2,368
6,2,2,2,292
4,2,4,1,295
4,2,2,2,233
8,3,5,2,551
4,2,2,2,206
2,1,1,1,183
1,1,1,1,200
2,1,1,1,130
2,1,1,1,263
2,1,1,1,130
1,1,1,1,200
2,0,1,1,118
6,3,3,2,300
8,2,4,2,479
2,1,1,1,100
2,1,1,1,161
5,1,4,1,199
4,1,1,1,280
2,1,1,1,169
1,1,1,1,36
2,1,1,1,200
2,1,1,1,56
4,2,2,1,239
2,1,3,1,320
6,3,3,3,298
4,2,2,2,236
4,1,2,1,169
4,1,2,1,169
7,4,4,3,679
2,1,1,1,150
6,2,3,2,385
6,2,3,2,896
5,2,4,1,150
10,5,5,4,238
4,2,2,2,217
4,1,2,1,155
7,2,4,1,158
3,1,1,1,99
4,1,2,1,290
2,0,2,1,240
4,1,2,1,250
4,1,2,1,378
1,1,1,1,95
2,1,2,1,147
8,3,3,2,449
2,1,1,1,240
8,4,4,2,900
5,2,2,2,340
2,1,1,1,120
2,0,1,1,123
1,1,1,1,51
3,1,2,1,85
2,1,2,1,114
2,0,1,1,139
1,1,1,1,51
2,1,1,1,259
4,2,3,1,228
5,2,3,1,350
4,1,1,1,110
4,2,2,1,128
2,1,2,1,110
2,1,1,1,185
1,0,1,1,158
6,2,3,1,180
4,2,4,1,148
2,0,1,1,122
5,3,3,2,495
4,2,2,2,169
4,2,3,2,175
4,1,2,1,139
4,1,1,1,120
2,1,1,1,114
4,1,2,1,103
2,1,1,1,125
6,3,3,2,216
2,1,1,1,90
2,1,2,1,87
2,1,1,1,167
2,0,1,1,133
2,1,1,1,235
2,1,1,1,287
6,3,3,2,600
6,3,4,2,311
4,2,2,2,210
2,1,2,1,134
4,2,2,1,136
3,1,2,1,162
4,2,2,2,130
2,0,1,1,93
2,1,1,1,99
3,1,2,1,159
6,2,4,2,261
2,1,1,1,125
6,3,3,2,875
3,3,4,1,195
2,1,1,1,118
4,2,2,1,200
2,0,2,1,89
6,3,3,2,309
4,2,2,1,432
4,1,2,1,202
2,1,1,1,336
3,2,2,2,160
2,1,1,1,85
2,1,1,2,81
2,1,1,1,430
2,1,1,1,405
2,1,1,1,110
4,1,2,1,424
4,1,2,1,392
4,2,3,1,196
2,1,1,1,155
3,1,2,1,91
2,1,2,1,280
1,1,1,1,120
2,1,1,1,315
2,1,1,1,125
4,1,4,2,220
6,2,3,2,270
6,2,3,1,166
2,1,1,1,144
2,1,1,1,100
6,4,5,2,450
2,1,1,1,140
2,1,1,1,120
1,1,2,1,107
6,2,3,1,279
2,0,1,1,97
3,1,1,1,175
1,2,2,1,90
4,2,2,1,108
2,0,1,1,132
2,1,1,1,200
1,1,1,1,70
4,1,2,1,147
1,1,1,1,130
2,1,1,1,294
4,2,2,2,249
4,2,2,1,228
2,1,1,1,103
1,1,0,2,75
8,4,4,5,880
5,2,3,1,244
4,1,2,1,225
4,2,2,1,105
6,3,3,1,389
3,1,1,1,241
4,1,2,1,231
2,0,1,1,220
4,1,2,1,529
2,0,1,1,425
2,0,1,1,212
4,1,2,1,282
4,1,2,1,291
4,1,2,1,371
2,1,1,1,100
2,0,1,1,377
4,1,2,1,185
2,0,1,1,431
2,1,1,1,120
4,1,2,1,200
5,2,2,2,242
4,2,2,2,140
6,3,4,2,196
4,2,2,2,145
3,1,1,1,168
2,2,2,2,175
4,1,2,1,221
2,0,1,1,252
4,2,2,1,100
5,2,4,1,194
4,2,3,1,299
6,2,3,1,110
4,2,3,1,321
3,1,1,1,180
4,1,2,1,116
2,0,1,1,105
2,0,1,1,106
2,0,1,1,109
2,0,1,1,111
2,0,1,1,110
3,2,2,1,150
3,2,3,1,225
2,1,2,1,125
5,2,2,2,220
4,3,3,1,325
2,1,1,1,50
5,3,3,2,109
2,1,1,1,170
4,1,4,1,200
2,1,1,1,219
4,2,3,1,238
2,0,3,1,150
2,0,1,1,250
6,2,3,1,315
5,3,3,1,228
7,4,4,2,621
3,1,2,1,389
2,1,1,1,109
4,2,2,1,137
4,2,2,1,199
4,2,2,1,181
3,1,1,1,180
1,1,2,1,65
2,1,1,1,116
4,1,2,1,272
3,1,1,1,110
2,1,1,2,112
3,1,1,1,125
2,1,1,1,82
3,1,1,1,150
2,0,1,1,83
2,0,1,1,125
2,0,1,1,125
2,1,1,2,189
4,2,2,2,273
2,1,1,1,244
4,2,3,2,144
1,1,1,1,100
2,0,1,1,105
2,1,1,1,110
2,1,1,1,88
2,1,2,1,141
6,2,3,2,325
4,1,2,1,181
3,1,1,1,152
4,1,2,1,319
2,1,2,1,96
3,1,1,1,105
6,2,2,2,175
2,0,1,1,128
2,1,1,1,375
2,1,1,1,206
5,2,3,1,254
4,2,3,1,203
6,3,3,1,247
4,1,1,1,188
2,2,2,2,188
2,0,1,1,181
2,0,1,1,90
2,1,1,1,150
2,1,2,1,139
3,1,1,1,169
10,3,6,2,352
2,1,1,1,169
2,1,1,1,250
3,1,2,1,215
4,2,2,1,250
6,3,4,2,688
2,1,1,1,81
3,1,2,1,170
1,1,0,1,62
2,1,1,0,71
4,2,3,1,139
6,3,3,1,200
4,2,2,2,200
6,3,3,2,350
4,1,2,1,131
2,1,1,1,119
3,1,2,1,127
3,1,2,1,152
2,1,1,1,70
2,0,1,1,55
3,1,2,1,145
3,1,2,1,203
6,3,3,2,275
2,2,2,1,147
4,2,4,1,300
2,1,1,1,140
4,2,4,1,250
4,2,3,1,177
2,1,1,1,150
3,1,1,1,209
6,3,4,3,400
3,1,1,1,128
2,1,1,1,96
2,1,2,1,179
4,2,2,1,240
3,2,3,2,150
2,1,2,1,203
6,2,4,2,300
5,2,3,2,241
4,1,1,1,168
2,1,1,1,166
4,2,2,2,187
4,3,3,2,214
4,2,2,2,220
2,1,1,1,53
3,2,2,1,134
2,1,1,1,50
4,2,2,1,186
5,2,3,1,235
2,0,1,2,195
5,2,2,3,650
4,1,2,1,360
4,2,2,1,266
16,5,4,6,8347
2,1,1,1,140
6,3,3,2,191
2,1,1,1,180
4,2,3,1,150
5,2,2,1,135
4,1,2,1,123
5,2,2,2,355
2,1,1,2,144
2,1,2,1,250
4,2,2,2,415
4,2,2,2,175
7,3,5,2,348
2,2,1,1,149
2,1,1,1,80
4,1,2,1,138
2,1,1,1,174
4,2,2,2,440
6,3,3,2,368
2,1,1,1,95
3,1,1,1,163
1,1,1,1,76
1,1,1,1,152
5,1,3,1,230
12,5,5,6,11236
2,1,1,1,150
4,2,2,2,205
4,2,3,2,330
2,0,1,1,188
4,0,2,1,249
2,1,1,1,135
2,1,1,1,140
4,1,3,1,150
6,2,3,1,322
2,1,1,1,176
6,5,3,2,237
3,1,2,2,195
4,2,3,2,348
3,1,1,1,138
3,1,1,1,141
4,2,2,1,163
4,1,1,1,171
3,1,2,1,266
2,1,1,1,100
2,1,1,2,153
5,1,2,1,168
3,1,2,1,144
5,2,3,2,1070
4,2,2,2,451
4,2,2,2,246
6,3,3,2,866
2,1,1,1,260
1,1,1,1,69
12,5,5,2,475
2,0,1,1,239
4,1,2,1,329
3,1,2,1,110
2,1,1,1,246
2,1,1,1,240
3,1,1,1,88
2,1,1,1,172
2,1,1,1,150
2,1,1,1,135
4,1,3,1,213
5,1,1,1,224
2,1,1,1,150
8,3,3,2,643
8,3,2,2,374
5,2,3,2,451
4,1,2,1,380
4,2,2,1,134
2,1,1,1,113
2,1,1,1,79
1,1,3,1,48
2,0,0,1,104
4,2,3,1,399
2,1,1,1,203
2,1,2,1,210
3,1,2,1,179
3,2,1,1,205
2,1,1,1,166
2,1,1,1,205
6,3,3,2,321
4,2,4,2,446
2,1,1,1,110
4,2,3,1,203
1,1,1,1,55
1,1,1,1,56
3,1,2,1,307
4,2,4,1,198
1,1,1,1,67
2,1,1,1,132
4,2,2,1,200
2,0,1,1,106
4,2,2,2,401
4,2,2,1,170
2,1,1,1,149
2,1,1,1,128
2,1,1,1,329
1,1,1,1,139
2,1,1,1,220
4,2,2,1,182
2,1,1,1,336
2,1,1,1,140
4,2,2,2,293
4,1,2,1,287
3,1,2,1,177
2,1,1,1,346
2,1,1,1,166
4,2,2,2,403
3,2,2,1,122
4,2,2,2,194
3,1,4,1,234
2,1,1,1,90
4,1,2,1,299
2,0,1,1,247
2,1,2,1,163
4,2,2,1,188
4,2,2,2,473
4,2,2,1,179
2,0,1,1,85
5,2,3,2,527
1,1,1,1,66
6,2,3,2,325
2,1,1,1,103
4,1,2,1,330
4,1,3,2,200
4,1,2,1,244
5,2,2,1,153
2,1,1,1,115
2,0,1,1,100
2,1,1,1,362
6,2,4,2,765
2,1,2,1,104
5,2,2,1,206
3,1,2,1,469
2,1,1,1,113
16,5,9,4,800
3,1,1,1,150
4,2,3,1,178
10,4,4,2,396
3,1,1,1,185
3,2,2,1,175
4,1,4,1,124
4,1,2,1,189
2,1,1,1,256
2,1,1,1,110
2,0,1,1,122
4,2,2,1,135
4,2,2,2,333
5,2,2,2,259
1,1,1,1,105
4,2,2,2,381
2,1,1,1,149
6,2,2,2,528
4,1,2,1,251
2,0,1,1,85
2,1,1,1,130
2,2,1,1,110
7,3,5,2,228
2,1,1,1,229
4,2,2,1,200
3,1,2,1,190
4,2,3,2,188
4,1,3,1,299
6,3,3,1,191
2,1,2,1,368
2,1,1,1,235
2,0,1,1,129
2,1,1,1,115
7,3,4,2,348
10,4,4,4,1000
5,2,2,2,250
1,1,1,1,52
8,3,3,2,226
5,2,2,2,240
2,1,1,1,145
3,0,2,1,120
2,1,2,1,184
4,1,2,1,53
6,3,3,2,400
2,1,2,1,212
2,1,1,1,319
2,1,1,1,234
3,2,3,1,317
2,1,2,1,80
5,2,2,2,239
5,2,2,2,275
6,2,2,2,357
2,1,1,1,158
3,1,1,1,161
1,1,1,1,97
2,1,1,1,151
5,3,3,2,323
2,1,1,1,185
4,2,2,2,217
3,1,2,1,201
3,1,2,1,295
4,2,2,1,206
4,2,2,1,420
2,1,2,1,334
2,1,1,2,258
2,1,2,1,142
8,3,4,2,172
2,1,1,1,65
2,1,1,1,150
3,1,2,1,211
2,1,1,1,174
4,2,2,1,193
1,1,2,1,81
4,2,2,1,172
4,1,2,1,240
5,3,3,1,158
4,2,4,1,238
4,2,3,1,434
4,1,2,1,170
2,1,1,1,114
2,1,1,1,240
2,0,1,1,149
5,2,3,1,190
4,3,4,3,130
5,3,3,2,599
3,1,1,1,160
6,3,3,2,449
4,2,2,2,162
1,1,0,1,80
2,1,1,1,150
2,2,1,2,698
4,1,2,1,172
2,0,1,1,318
2,1,1,1,186
1,1,2,1,85
1,1,1,1,70
2,1,1,1,83
6,3,3,2,250
4,2,2,1,199
4,1,2,1,104
2,1,1,1,101
2,1,1,1,170
2,0,1,1,249
3,1,2,1,180
5,3,3,2,514
6,3,4,2,463
9,5,5,3,925
1,1,1,1,135
1,1,1,1,96
4,2,2,1,215
6,2,3,2,363
3,1,2,1,285
5,3,3,2,270
4,1,2,1,202
2,1,1,1,108
2,1,1,1,134
1,1,1,1,70
4,2,2,1,224
2,1,1,1,200
3,1,1,1,158
2,1,1,1,179
2,1,1,1,65
2,1,1,1,135
2,1,1,1,169
4,1,2,1,229
3,1,1,1,289
2,1,1,1,200
2,1,1,1,122
2,1,1,1,8888
4,2,2,2,287
5,2,4,1,175
4,2,3,1,165
5,3,4,1,192
2,1,2,1,158
4,2,2,2,120
2,0,1,1,240
4,1,1,1,260
6,2,3,1,385
6,3,3,2,175
6,2,3,1,385
2,0,1,1,240
4,1,1,1,260
3,1,2,1,298
4,1,1,1,178
3,2,2,2,102
2,1,1,1,215
3,2,2,1,400
6,2,2,2,259
5,3,4,3,329
2,1,1,1,163
6,2,3,2,318
7,3,4,2,261
1,1,1,2,118
4,1,2,1,375
4,2,2,1,278
4,2,2,1,233
6,2,3,2,267
6,2,3,1,295
6,3,3,1,269
2,1,1,1,216
2,1,1,1,155
4,2,2,1,236
2,1,1,1,90
2,0,1,0,150
4,2,4,2,138
3,0,1,1,267
4,1,2,1,326
5,3,3,2,380
8,2,4,2,499
4,1,2,1,343
3,2,2,1,100
4,1,3,2,428
6,3,4,1,219
4,1,1,1,115
2,1,1,1,400
4,2,2,1,207
4,2,2,2,730
5,2,3,2,180
4,1,2,1,275
4,1,2,1,210
4,2,2,2,540
2,1,1,1,199
1,0,1,1,75
4,1,2,1,206
7,3,4,2,280
1,1,1,1,105
2,1,2,1,168
2,0,1,1,156
2,1,1,1,89
3,2,2,1,142
3,1,2,1,264
1,1,1,1,101
4,1,2,1,250
3,1,1,1,171
3,1,2,1,147
2,1,1,1,99
3,1,1,1,110
4,2,2,1,136
4,2,2,1,270
4,2,2,2,389
3,1,1,1,259
4,1,2,1,247
10,5,5,3,1413
3,1,1,1,175
4,2,2,2,180
4,2,2,1,234
8,3,4,2,192
4,2,2,1,294
2,1,1,1,196
5,2,3,1,304
4,1,2,1,343
4,2,2,2,449
1,1,1,1,188
2,1,1,1,141
4,1,2,1,354
4,2,2,2,280
4,2,2,1,147
2,1,1,1,110
2,1,1,1,131
4,2,2,1,193
2,1,1,1,120
2,1,1,1,171
2,1,1,1,91
2,1,1,1,65
2,1,1,1,89
7,3,4,2,381
2,1,1,1,254
2,1,2,1,301
2,1,1,1,183
5,3,3,2,514
4,1,2,1,150
4,1,3,1,299
2,1,1,1,84
4,1,2,1,99
2,1,2,1,89
4,2,2,1,142
9,4,5,3,841
2,1,1,1,125
5,2,2,1,130
2,1,1,1,173
3,0,2,1,295
2,1,1,1,199
7,3,4,2,507
2,1,1,1,146
4,1,2,1,171
3,1,1,1,135
3,1,2,1,295
2,1,1,1,125
3,1,1,1,218
2,1,1,1,175
2,1,1,1,130
3,1,2,1,164
5,2,2,1,243
4,1,2,1,229
4,1,2,1,160
2,1,1,1,198
4,2,2,1,229
4,1,2,1,220
2,0,1,1,279
4,3,3,2,150
2,1,1,1,140
2,1,1,1,286
4,2,2,1,221
2,1,1,1,98
6,3,3,2,380
4,2,2,1,137
2,1,1,1,94
4,1,2,1,259
2,1,1,1,87
14,7,7,4,857
4,1,1,1,250
2,1,0,1,80
2,1,1,1,159
6,3,3,2,399
4,2,2,1,191
2,1,1,1,60
4,1,2,1,194
5,2,4,1,200
2,1,1,1,162
6,2,3,2,320
4,2,3,2,500
4,3,3,3,215
2,2,2,0,200
3,1,2,1,119
4,1,1,1,264
4,1,2,1,92
2,1,1,1,190
4,1,2,1,115
8,3,4,2,331
4,2,2,1,160
4,2,1,1,329
5,2,2,2,215
3,1,2,1,173
2,0,2,1,116
2,1,2,1,82
4,2,2,1,419
4,2,2,1,123
3,1,1,1,300
2,0,1,1,145
2,1,1,1,165
2,0,1,1,110
1,1,1,1,150
2,1,1,1,289
2,1,1,1,130
6,3,3,2,402
4,2,2,2,199
4,2,2,2,141
3,1,3,1,204
2,1,2,1,223
2,1,1,1,275
4,1,1,1,203
12,6,8,4,593
4,1,2,1,312
3,2,2,1,180
3,1,2,2,169
2,1,1,1,95
4,1,2,1,324
2,1,2,1,300
1,1,1,1,82
5,1,5,1,325
4,1,2,1,261
6,3,3,2,264
5,1,2,1,130
6,2,3,1,224
2,1,1,1,233
2,1,1,1,369
4,2,2,1,249
4,1,2,1,475
4,2,3,1,120
2,1,1,1,178
2,0,1,1,226
3,1,1,1,293
2,1,1,1,93
14,8,9,4,700
2,1,1,1,220
2,1,1,1,90
2,1,1,1,69
4,2,3,1,350
2,1,1,1,185
5,2,3,1,142
2,1,1,1,150
2,0,1,1,169
8,3,3,3,325
1,1,1,1,135
2,1,1,1,92
2,1,1,1,81
2,1,1,1,75
6,3,3,3,501
4,1,2,1,311
4,2,2,2,307
3,1,2,1,90
2,1,1,1,115
5,2,3,1,148
3,1,2,1,200
6,3,4,1,330
5,1,3,1,325
4,0,2,1,112
2,1,1,1,276
2,1,1,1,115
4,2,3,2,450
3,0,2,1,200
6,2,3,2,268
4,2,2,1,163
3,1,2,1,313
2,1,2,1,261
4,2,2,1,211
2,1,1,1,124
3,1,1,1,108
1,1,1,1,62
12,6,6,10,20000
2,1,1,1,135
3,1,1,1,235
4,1,1,1,180
2,1,1,1,110
3,1,1,1,189
4,2,2,1,168
1,1,2,1,98
4,2,2,1,259
4,2,2,2,349
4,2,3,1,234
6,3,3,2,190
5,1,2,1,109
5,2,3,2,332
2,1,1,1,149
7,3,4,2,325
9,2,3,1,428
2,1,1,1,106
2,1,1,1,97
4,1,1,1,394
6,2,3,2,564
1,1,0,1,55
2,1,1,1,235
4,2,3,1,401
2,1,1,1,131
2,1,0,1,165
6,2,3,2,406
6,2,2,2,161
6,2,2,2,199
2,1,2,1,255
2,1,2,1,363
5,3,3,2,163
4,2,2,1,276
6,2,3,1,361
14,6,8,5,757
1,1,1,1,48
6,2,2,1,251
8,4,4,2,393
4,1,3,1,290
4,2,2,1,200
4,1,2,1,254
2,1,1,1,142
5,2,3,1,199
2,1,1,1,80
2,1,1,1,110
2,1,1,1,93
2,1,1,1,72
2,1,1,1,293
8,4,4,4,480
2,1,1,1,249
4,2,2,1,265
3,1,2,1,406
4,1,2,1,203
4,1,2,1,85
6,2,3,2,507
2,0,1,1,221
4,1,2,1,158
2,1,1,1,92
2,1,1,1,275
4,1,2,1,145
3,1,2,1,113
3,1,2,1,499
7,3,3,1,351
2,1,1,1,109
4,2,2,2,304
2,1,1,1,185
2,1,2,1,173
2,1,1,1,325
4,1,2,1,330
10,5,5,3,327
4,2,2,2,313
7,2,4,1,312
4,2,2,1,135
8,4,5,2,758
2,1,1,1,155
6,3,3,3,900
4,1,3,1,247
3,1,2,1,230
4,2,2,1,230
1,1,1,1,60
4,1,1,1,109
3,1,2,1,128
3,2,2,1,146
14,5,6,5,843
2,1,1,1,150
5,2,2,1,102
4,2,2,1,147
4,2,2,2,525
4,2,2,2,458
2,1,1,1,199
2,1,1,1,289
2,1,1,1,121
6,3,4,2,435
4,1,2,1,375
2,1,1,1,165
3,1,2,1,225
4,1,2,1,240
6,2,2,1,178
2,0,1,1,220
4,2,2,2,200
4,2,2,2,162
6,1,4,1,338
2,1,1,1,140
6,1,4,1,325
2,0,1,1,60
3,2,2,1,125
2,1,1,1,134
2,1,1,1,145
2,1,1,1,165
2,1,1,1,261
3,2,2,1,111
2,1,2,1,100
2,0,1,1,115
5,2,3,1,199
7,3,1,1,299
2,1,1,1,309
1,1,1,1,101
4,1,2,1,189
3,1,1,1,230
4,1,0,0,220
1,1,1,1,65
1,0,1,1,96
4,2,2,1,200
2,1,1,1,220
1,1,1,1,72
2,1,2,1,133
1,1,1,1,45
2,1,1,1,236
2,1,1,1,166
6,2,3,1,150
2,1,1,1,130
2,1,1,1,229
6,3,3,1,377
4,2,2,1,170
2,0,1,1,140
2,1,1,1,103
2,1,1,1,113
2,1,1,1,103
6,3,3,1,282
6,3,3,2,402
2,1,1,1,140
2,1,1,1,112
2,1,2,1,165
6,3,3,3,743
4,1,2,1,140
5,2,2,1,155
5,3,4,2,555
3,1,1,1,148
3,1,1,1,100
2,2,0,1,136
6,3,3,3,967
2,1,1,1,90
3,1,2,1,200
8,4,5,3,650
5,2,3,2,337
4,1,2,1,264
4,2,2,2,721
2,1,1,1,176
2,1,1,1,88
4,1,2,1,309
2,1,1,1,141
10,7,7,6,998
4,2,2,1,100
2,1,1,1,65
2,1,1,1,156
2,1,0,1,110
5,2,3,2,300
4,1,2,1,154
4,1,2,1,193
2,1,1,1,54
2,1,1,1,150
4,2,2,2,895
2,1,1,2,65
2,1,2,1,308
6,2,2,2,244
3,1,1,1,160
4,2,3,1,250
4,1,1,1,237
2,1,1,1,72
2,1,1,1,238
3,1,2,1,220
1,1,1,1,60
2,1,1,1,60
2,1,1,1,50
2,1,1,2,60
6,2,4,1,230
2,0,1,1,129
10,5,5,3,204
2,1,1,1,185
3,1,1,1,282
4,2,2,1,200
2,0,1,1,108
3,1,2,1,136
2,1,1,1,139
4,2,2,1,281
2,0,1,1,131
4,1,2,1,150
4,1,2,1,100
6,2,3,1,108
2,0,1,1,111
3,1,1,1,400
2,1,1,1,75
2,1,1,2,109
2,1,1,1,288
2,1,1,1,75
8,3,4,1,200
2,1,1,1,75
2,1,1,1,141
4,1,2,1,258
2,1,1,1,50
4,2,2,1,328
4,2,2,1,140
2,0,1,1,171
2,0,1,1,224
7,3,4,2,630
5,2,3,2,686
4,2,3,1,225
4,2,2,3,280
3,2,2,1,220
3,1,1,1,163
5,2,2,2,348
4,2,2,1,333
6,2,3,1,200
4,2,2,2,188
4,2,2,1,294
2,1,1,1,210
6,2,3,1,343
5,3,4,1,242
4,2,2,1,267
2,1,1,1,250
6,2,2,2,185
5,3,3,1,370
2,1,1,1,220
4,1,2,1,266
4,2,2,3,300
4,2,2,1,214
2,1,1,1,140
2,1,1,1,190
8,3,4,2,396
2,1,1,1,165
2,1,1,1,306
3,1,1,1,166
4,2,2,2,132
4,2,2,1,180
5,1,3,1,244
2,0,1,1,110
6,2,3,1,460
2,1,1,1,141
4,2,2,1,150
1,1,1,2,110
6,2,3,2,500
6,2,3,2,362
2,1,1,1,150
2,1,1,1,157
4,2,3,1,198
3,1,1,1,129
2,1,1,1,179
2,1,1,1,141
4,1,2,1,199
4,2,2,3,243
6,2,2,1,285
2,1,1,1,153
6,3,3,3,348
4,1,2,1,122
2,1,1,2,95
1,1,1,1,114
4,0,2,1,164
6,2,3,1,253
2,1,1,1,105
6,2,4,1,167
2,1,0,2,95
2,1,0,1,376
4,2,2,1,241
2,1,1,1,90
4,2,2,1,140
5,3,4,1,300
3,1,2,1,265
2,1,1,1,165
2,1,1,1,109
1,1,1,1,163
4,2,2,2,549
3,2,3,1,170
2,1,1,1,101
6,2,2,2,1256
2,1,1,1,500
4,1,2,1,171
2,1,1,1,95
6,2,3,1,272
6,2,3,2,431
4,2,2,1,164
4,2,2,1,221
5,1,3,1,137
2,1,1,1,140
6,3,3,2,446
8,4,4,2,346
6,2,3,2,474
4,1,2,1,257
3,1,1,1,150
2,1,1,1,128
10,4,6,3,709
4,2,4,1,125
4,4,4,1,299
2,1,2,1,209
2,1,1,1,141
4,2,3,1,236
2,1,1,1,73
4,1,2,1,278
2,1,1,2,87
2,1,2,1,160
2,1,2,1,314
5,3,3,2,190
4,1,2,1,236
3,0,2,1,164
10,4,6,2,529
4,1,2,1,188
2,1,1,1,182
3,1,2,1,267
2,1,1,1,135
4,1,1,1,218
2,1,1,1,135
6,2,3,2,299
7,4,4,2,705
6,3,3,2,246
2,1,1,1,200
2,0,1,1,129
3,1,1,1,139
4,2,2,2,286
6,3,3,3,350
4,1,1,1,271
5,2,2,2,364
3,1,2,1,289
4,2,2,1,358
4,2,2,2,225
2,1,4,1,181
1,1,1,1,200
2,1,1,1,138
4,1,1,1,218
4,2,3,1,350
4,2,3,1,165
6,3,3,3,914
6,2,3,2,485
4,2,2,2,272
2,1,1,1,140
2,1,1,1,140
4,2,2,1,229
2,1,1,1,120
10,4,6,2,542
2,1,1,1,231
2,1,1,1,186
7,3,4,2,192
1,1,3,1,50
4,2,2,1,300
2,1,1,1,142
2,1,1,1,156
4,1,2,1,367
2,1,2,1,371
1,1,2,1,55
1,1,1,1,70
6,2,2,2,44
4,2,2,1,195
5,1,3,1,241
2,1,1,1,85
2,1,1,1,298
4,1,1,1,144
3,1,2,1,160
3,1,1,1,119
6,2,3,2,258
2,1,1,1,125
5,2,3,1,236
4,1,2,1,160
3,1,1,1,131
8,2,4,2,246
3,1,2,1,254
3,1,1,1,279
4,1,2,1,168
2,1,1,1,229
2,1,1,1,100
6,2,3,2,539
3,1,2,1,285
4,2,2,1,239
2,1,1,1,89
3,1,1,1,110
2,1,1,1,129
4,2,2,1,200
2,1,1,1,327
4,2,2,2,239
11,5,5,3,719
2,1,1,1,135
3,1,2,1,155
5,3,3,2,399
2,1,1,1,130
2,1,1,1,280
3,1,2,1,246
6,2,3,2,292
4,1,2,1,314
4,2,2,1,343
6,2,3,2,275
4,2,2,1,122
2,1,1,1,250
2,1,1,1,110
6,2,3,2,264
10,5,5,4,718
2,1,1,1,300
2,1,1,1,200
4,2,2,2,267
3,1,2,1,278
4,2,2,1,200
4,2,2,1,115
4,1,2,1,220
2,1,1,1,92
8,4,4,4,594
4,1,2,1,85
4,1,2,1,240
4,2,3,1,119
4,2,3,1,118
1,1,1,1,135
3,1,1,1,136
4,2,2,2,373
8,1,4,0,399
2,1,1,1,115
5,2,2,1,350
4,2,2,1,504
6,2,4,1,178
2,1,1,1,133
2,1,1,1,169
2,1,1,1,120
5,2,2,1,350
2,1,1,1,164
6,2,3,2,318
2,2,2,1,109
2,2,2,1,119
5,3,3,2,272
2,1,1,1,138
10,5,5,4,880
3,1,1,1,211
2,1,0,1,199
14,5,8,4,920
2,1,1,1,246
5,1,3,1,276
3,1,3,1,200
5,2,2,1,182
4,2,2,2,133
2,1,1,1,129
4,1,2,1,175
1,1,1,1,91
2,1,1,1,133
6,3,3,2,177
4,2,2,2,166
1,1,0,1,57
1,1,1,1,72
4,1,2,1,175
3,1,1,1,250
1,1,2,1,63
10,4,4,1,188
1,0,1,1,146
3,1,1,1,263
2,2,2,2,149
2,1,1,1,155
2,1,1,1,182
4,1,2,1,188
2,2,1,1,255
8,4,4,1,393
2,0,1,1,100
2,1,1,1,225
3,1,1,1,164
4,2,2,1,165
6,2,3,2,357
4,1,2,1,235
3,1,2,1,175
2,1,1,1,320
1,1,1,1,140
2,1,1,1,70
2,1,1,1,208
5,3,4,1,333
4,2,2,2,376
4,0,1,1,130
7,3,3,2,271
4,1,2,1,40
2,1,1,1,303
4,2,2,1,120
4,1,2,1,203
3,1,1,1,161
3,2,2,1,214
2,1,1,1,191
2,1,2,1,306
2,1,1,1,160
4,1,2,1,260
2,1,1,1,60
6,2,2,2,385
4,1,2,1,270
4,1,2,1,270
6,2,3,2,395
6,2,3,2,395
6,2,3,2,395
6,2,3,1,385
6,2,3,1,385
4,1,1,1,260
3,1,2,1,127
4,1,1,1,260
2,0,1,1,240
2,0,1,1,240
8,3,3,1,451
3,1,1,1,120
3,1,2,1,202
6,2,3,2,296
4,2,2,1,162
2,1,1,1,128
2,1,2,1,71
2,1,1,1,99
2,1,2,1,89
2,0,1,1,69
2,1,1,1,85
4,2,2,2,170
1,1,1,1,65
6,3,3,2,382
3,1,1,1,119
9,4,0,2,571
7,3,4,2,1004
1,1,1,1,80
2,1,1,1,250
2,1,1,1,110
9,3,4,2,411
4,2,2,1,140
4,1,2,1,343
4,2,2,1,400
6,3,3,3,714
1,1,1,0,67
5,2,3,2,424
2,1,1,1,146
4,2,4,1,93
4,0,2,1,241
3,1,2,1,290
2,1,1,1,170
4,1,2,1,145
3,1,2,1,110
4,2,2,2,350
5,2,3,1,272
2,1,2,1,129
4,2,2,1,242
2,1,1,1,95
1,1,1,1,86
5,2,3,2,529
1,1,1,1,73
2,1,2,1,130
2,0,1,1,145
4,1,2,1,98
2,1,1,1,351
6,3,3,1,299
6,2,3,2,247
6,2,3,2,308
5,2,3,1,254
8,4,4,3,425
4,2,2,1,333
1,1,1,1,48
2,1,1,1,153
2,1,1,1,138
6,3,3,2,221
6,3,3,2,426
7,2,4,2,549
4,2,2,1,386
4,2,3,1,350
2,1,0,1,165
9,5,6,3,936
4,2,2,1,196
6,2,2,1,206
1,1,1,1,108
1,1,1,1,108
6,3,2,1,400
2,1,1,1,299
2,1,1,1,230
2,1,1,1,183
2,1,1,2,214
3,1,1,1,100
2,1,1,1,189
4,2,2,2,299
4,2,2,1,314
8,4,6,2,414
2,1,1,1,112
2,0,1,1,140
1,1,1,1,135
2,1,1,1,320
2,0,1,1,150
2,1,1,1,210
3,2,2,1,180
2,1,1,1,225
2,1,1,1,164
1,1,1,1,70
6,2,3,2,295
2,1,0,1,110
1,1,1,1,80
3,1,1,1,120
2,1,1,1,108
8,3,6,2,222
2,1,1,1,120
10,5,5,4,650
6,3,3,2,200
8,3,4,2,240
4,2,2,1,125
1,1,1,1,60
4,1,1,1,186
8,4,4,3,425
5,3,3,2,426
2,1,2,1,100
4,2,2,1,197
4,1,3,1,202
4,2,2,1,208
3,1,2,1,148
4,2,2,2,249
3,1,2,1,168
2,1,1,1,221
2,1,1,1,81
4,1,1,1,85
2,1,1,1,107
1,1,1,1,92
2,1,1,1,115
2,1,1,1,129
5,2,2,2,388
6,2,3,2,279
4,2,2,2,175
4,2,2,2,250
2,1,1,1,249
6,5,6,5,885
6,2,3,2,299
6,2,2,1,200
2,1,1,1,155
4,1,3,1,345
4,2,2,2,370
5,2,3,1,112
2,1,1,1,150
6,3,3,2,367
4,2,2,1,228
4,1,2,1,231
6,3,4,2,358
2,1,1,1,158
2,1,1,1,258
4,2,2,1,251
2,1,1,1,135
2,1,1,1,263
4,1,2,1,234
5,2,2,1,389
2,1,1,1,271
6,3,3,1,164
2,1,1,1,250
6,3,3,1,213
6,3,4,2,437
2,1,1,1,125
4,2,3,1,265
4,2,2,2,321
4,1,2,1,149
2,0,1,1,99
2,1,1,1,110
4,2,2,2,181
4,1,2,1,183
7,3,3,1,662
4,2,4,1,145
5,2,3,1,142
6,3,3,1,264
4,2,2,1,148
6,2,4,2,235
8,4,4,3,532
8,4,4,3,509
2,1,1,1,167
2,1,1,1,134
3,1,2,1,143
2,1,1,1,112
2,1,1,1,159
6,2,3,2,369
1,1,1,1,70
4,2,2,1,455
2,1,1,1,130
2,0,1,1,194
9,6,7,2,1295
1,1,1,1,69
1,1,1,1,79
1,1,4,1,75
1,1,1,1,66
2,1,2,1,120
2,1,1,1,120
2,1,1,1,98
4,1,2,1,285
2,0,1,1,129
6,3,3,2,278
2,1,0,1,185
2,0,1,1,116
2,0,1,1,126
4,2,2,1,177
8,3,3,2,1500
4,2,2,1,222
4,1,2,1,150
3,2,2,1,160
6,2,3,2,457
4,2,2,1,248
6,2,2,2,318
2,1,1,1,161
4,1,2,1,170
3,2,2,1,194
2,1,1,1,132
3,1,2,1,255
2,1,1,1,133
2,1,1,1,95
5,2,3,1,171
2,0,1,1,203
4,2,2,2,300
2,1,1,1,102
4,2,2,1,275
4,2,2,1,356
4,1,1,1,329
6,3,3,2,460
5,2,3,1,105
4,1,2,2,206
2,1,1,1,149
6,2,3,2,423
12,7,7,6,458
2,1,1,1,125
6,3,3,2,269
3,1,1,1,122
3,1,1,1,95
5,2,3,2,132
1,1,1,1,152
1,1,1,1,213
2,1,1,1,130
2,1,1,1,140
5,2,2,2,411
4,2,2,2,155
2,0,2,1,184
3,1,2,1,227
4,1,2,2,292
4,1,2,1,96
4,1,2,1,215
4,1,2,1,139
4,2,2,2,160
4,2,2,2,171
2,1,1,1,121
4,1,2,1,162
3,0,3,1,234
3,1,1,1,115
2,1,1,1,156
2,1,1,1,103
5,2,2,1,261
4,2,2,1,143
3,1,3,2,209
1,1,1,1,57
2,1,1,1,54
8,3,4,2,586
4,1,2,2,366
4,2,2,1,250
3,0,2,1,267
2,1,1,1,395
2,0,1,1,126
6,3,3,2,220
2,1,1,1,112
6,2,3,1,246
6,2,3,2,514
4,1,2,1,135
1,1,1,1,60
4,2,2,1,150
6,2,3,2,512
5,2,3,2,599
2,1,1,1,127
2,1,1,1,123
6,3,3,1,161
10,5,5,3,777
4,2,2,1,120
3,2,2,1,195
4,2,2,2,200
1,0,1,1,76
4,2,2,1,195
6,3,4,2,400
3,1,2,1,124
6,2,4,1,261
2,1,1,1,193
4,1,2,2,235
2,1,1,1,97
3,1,1,1,125
1,1,1,1,65
6,3,3,2,402
6,3,3,2,350
2,1,1,1,63
2,1,1,1,114
2,1,1,1,198
4,1,2,1,386
6,3,3,2,358
4,2,2,1,250
8,3,0,2,256
3,1,1,1,349
4,1,1,1,343
6,3,3,2,212
6,3,3,2,179
4,1,2,1,350
14,5,8,2,670
2,1,1,1,120
1,1,1,1,179
6,2,3,3,461
2,1,1,2,167
4,1,2,1,133
6,3,3,2,333
7,3,4,2,571
2,1,1,1,150
2,1,1,1,65
2,1,1,1,123
2,1,1,1,257
2,1,1,1,132
4,2,2,1,384
3,1,2,1,250
3,2,2,2,317
1,1,1,1,76
4,1,2,1,283
2,1,1,1,244
4,2,2,1,182
6,3,3,2,500
4,2,2,2,275
1,1,1,1,60
2,1,4,1,49
2,1,1,1,48
1,1,1,1,14
7,3,4,2,192
4,2,2,1,164
4,3,3,5,139
4,1,2,1,200
3,1,1,1,105
2,1,0,1,65
2,1,1,1,111
1,1,1,1,74
2,1,1,1,95
1,1,1,1,70
2,1,1,1,160
16,8,9,4,2000
2,1,1,1,143
6,2,4,1,176
1,1,1,1,152
4,1,3,1,193
2,1,1,1,180
4,2,2,1,343
4,2,3,2,348
1,1,1,1,133
1,2,2,1,108
2,1,1,1,72
1,1,1,1,52
3,1,2,1,159
4,2,3,1,228
4,1,2,1,138
4,2,3,2,265
2,1,1,1,110
2,1,1,1,150
4,2,2,1,279
6,3,3,2,375
6,3,3,2,375
3,2,3,1,213
6,3,3,2,210
2,0,2,1,255
2,1,1,1,106
4,2,2,2,310
4,2,3,1,177
2,1,1,1,183
3,2,2,2,98
6,2,3,2,251
4,2,3,1,294
2,1,1,1,120
2,1,1,1,155
2,1,1,1,103
4,2,2,1,113
2,1,1,1,95
1,1,1,1,52
2,1,1,1,62
4,1,2,1,388
2,1,1,1,178
6,3,3,3,252
2,1,1,1,257
6,3,3,2,534
4,1,2,1,154
3,1,2,2,200
4,2,3,1,110
2,1,1,1,200
1,0,1,1,160
2,1,1,1,95
6,3,3,2,300
4,0,1,1,199
6,3,4,2,355
4,2,2,2,278
2,2,2,0,200
4,2,2,1,281
7,3,5,2,337
4,1,2,1,115
2,1,1,1,128
6,3,3,2,276
4,2,2,2,289
2,1,1,1,69
4,1,2,1,156
6,3,4,2,2000
2,1,1,1,64
2,1,1,1,133
2,1,1,1,105
2,1,1,1,120
3,1,1,1,109
3,1,2,1,164
4,2,2,2,329
4,1,2,1,82
2,0,1,1,131
6,2,3,3,355
2,0,1,1,129
2,1,1,1,125
2,1,1,1,150
2,1,1,1,259
3,1,1,1,162
9,4,4,4,567
4,0,0,1,213
5,3,3,2,683
2,1,1,1,204
1,1,1,1,200
4,2,2,1,311
4,2,2,1,130
4,2,3,1,215
2,1,1,1,62
2,1,1,1,175
4,0,2,1,175
6,2,3,1,271
3,1,2,1,140
2,1,1,1,123
4,2,2,1,390
6,2,3,2,287
4,2,2,2,249
2,1,1,1,89
5,2,3,1,230
9,5,6,3,575
5,2,4,1,259
3,1,2,1,245
1,1,1,1,119
1,0,1,1,130
2,1,1,1,169
2,1,1,1,150
3,1,2,1,149
3,1,2,1,189
4,2,2,2,144
3,0,2,1,174
2,1,1,1,155
2,2,1,2,443
4,2,2,1,229
4,2,2,1,325
10,4,5,4,573
4,1,1,1,199
2,1,1,1,110
1,1,1,1,159
2,1,1,1,150
1,1,1,1,177
1,1,1,1,159
1,1,1,1,178
3,1,2,2,146
6,3,3,1,302
2,1,1,1,95
4,2,2,2,318
3,1,2,1,150
2,1,1,1,80
4,2,2,2,347
4,2,3,2,614
2,0,1,1,339
4,2,1,1,230
3,1,1,1,136
6,2,2,2,450
7,3,6,2,190
6,2,4,2,342
2,1,1,1,173
4,2,3,1,366
2,1,1,1,195
4,2,3,1,180
4,2,3,1,158
4,2,2,2,399
2,1,1,1,228
8,3,3,2,329
2,1,1,1,200
2,1,1,1,170
8,3,4,2,232
2,0,1,1,129
2,0,2,1,300
4,2,3,2,250
4,2,2,1,108
2,1,1,1,239
2,1,1,1,131
4,3,3,1,126
2,1,1,1,139
4,1,2,1,407
4,2,2,1,140
2,1,1,1,307
2,1,1,1,136
4,1,2,1,193
6,3,3,2,1178
3,1,2,1,186
4,0,2,1,199
10,3,3,3,268
8,3,5,3,434
2,1,2,1,52
2,1,2,1,55
2,1,1,1,149
2,1,1,1,95
4,2,2,1,190
4,2,2,2,205
11,4,6,2,291
2,1,1,1,140
2,1,1,1,137
9,3,3,2,599
2,1,1,1,193
2,0,1,1,175
7,3,4,2,414
2,1,1,1,150
3,1,1,1,130
4,2,2,2,999
3,1,1,1,229
6,3,3,2,314
2,1,1,1,68
4,1,2,1,217
1,1,1,1,68
7,3,4,2,485
3,1,1,1,106
4,2,2,1,195
4,1,2,1,234
8,4,4,3,704
4,1,1,1,217
4,2,3,2,244
6,3,4,2,298
2,1,2,1,342
6,3,3,1,241
2,1,1,1,82
2,1,1,1,182
6,5,5,2,400
4,2,2,1,466
6,3,3,3,530
3,1,2,1,251
4,3,3,1,130
6,3,4,2,378
4,2,3,1,139
3,2,2,1,110
8,4,4,3,338
3,1,2,1,286
2,0,1,1,80
3,1,2,1,246
2,1,1,3,279
2,1,2,2,316
2,1,1,1,66
2,1,1,1,76
4,2,2,2,1100
2,1,1,1,69
1,1,1,1,99
4,2,3,1,200
4,2,2,1,98
2,1,1,1,179
2,1,1,1,235
6,2,3,1,218
4,2,2,1,444
4,1,2,1,357
2,1,1,1,100
2,1,1,1,66
2,1,1,1,103
2,1,1,1,82
1,1,1,1,105
4,2,2,1,180
2,1,1,1,139
2,1,0,1,200
2,1,1,1,100
1,1,1,1,53
4,2,2,2,207
4,2,2,1,170
2,1,1,1,80
4,2,2,1,160
4,2,3,1,163
8,4,5,3,499
2,1,1,1,150
2,1,1,1,65
2,1,1,1,124
1,1,1,1,81
4,2,2,1,456
2,1,1,1,268
3,2,2,1,293
3,2,0,1,150
2,1,1,1,180
2,1,1,1,258
2,1,1,1,121
4,1,3,1,243
4,1,2,1,129
5,2,3,2,228
8,4,4,2,380
3,2,2,1,125
4,1,2,1,247
4,1,2,1,184
2,1,1,1,165
8,3,4,2,326
2,1,1,1,163
7,2,4,2,612
2,1,1,1,105
9,3,5,2,2803
1,1,1,2,80
3,1,2,1,180
4,2,2,1,165
4,2,2,1,263
1,1,1,1,289
2,1,1,1,68
2,1,1,1,120
7,3,5,4,801
2,1,1,1,292
3,1,1,1,297
4,2,2,1,224
2,1,1,1,150
4,1,2,1,224
4,2,2,2,513
2,1,1,1,179
12,7,7,4,704
4,2,2,1,507
3,1,1,1,185
4,2,2,2,575
2,1,1,1,195
3,0,2,1,184
4,1,2,1,193
2,1,1,1,125
4,3,2,2,1480
2,1,1,1,329
2,1,1,1,82
5,3,3,2,556
1,1,1,1,57
4,2,2,1,160
5,2,4,1,136
4,1,2,1,292
6,3,3,2,254
2,1,2,1,249
4,1,2,1,294
2,1,1,1,186
3,1,2,1,168
6,2,3,1,607
2,1,1,1,200
4,2,2,1,215
10,4,4,4,966
3,1,1,1,169
2,1,1,1,117
8,3,3,3,480
4,1,2,1,183
3,1,1,1,215
5,2,3,1,321
2,1,1,1,98
6,3,3,1,225
4,2,2,1,159
2,1,1,1,112
2,1,1,1,153
6,2,2,1,391
2,2,3,1,139
4,1,2,1,250
8,2,4,2,639
2,1,1,1,157
5,2,3,1,145
5,2,2,1,309
4,1,2,1,244
8,3,3,2,397
2,1,1,1,135
4,2,2,2,200
4,2,2,2,176
4,2,2,2,212
4,1,2,1,273
4,2,2,2,195
2,1,1,1,121
2,1,1,1,147
1,1,0,1,74
2,1,1,1,152
4,2,2,1,256
4,2,2,2,500
6,2,3,1,190
1,1,1,1,110
2,1,1,1,89
5,2,3,2,450
7,3,3,1,224
4,2,2,2,330
3,1,1,1,165
4,1,3,1,181
4,2,2,1,215
1,1,1,1,45
3,0,1,1,200
1,1,1,2,57
2,1,1,1,100
2,1,1,1,119
4,2,2,2,239
3,1,2,1,306
6,3,3,2,390
5,3,3,2,339
4,1,1,1,160
2,1,1,1,141
2,1,1,1,118
2,1,1,1,168
2,1,1,1,143
4,1,2,1,146
2,1,1,1,249
5,2,2,1,377
4,2,2,2,246
4,2,2,2,350
3,1,1,1,250
6,3,4,2,583
6,3,4,3,324
4,2,2,1,180
5,2,3,1,251
2,1,1,1,126
4,0,0,1,199
4,1,3,2,214
3,1,2,1,175
4,1,2,1,171
4,2,2,2,175
4,2,2,2,150
2,1,2,1,199
2,1,1,1,123
4,2,2,1,200
2,1,1,1,118
4,2,2,2,170
5,3,3,1,489
8,4,5,2,364
5,2,3,1,197
4,2,2,2,448
5,2,2,2,310
4,2,2,1,200
4,2,2,2,249
2,1,1,1,66
5,2,3,1,147
2,1,1,1,100
2,1,1,1,228
6,3,3,2,574
2,1,1,1,98
10,4,5,2,583
2,1,1,1,100
5,1,2,1,327
2,0,0,1,89
8,3,5,2,252
1,3,3,1,248
2,1,1,1,93
2,1,1,1,253
3,1,1,1,216
6,2,3,2,266
6,3,4,1,331
6,2,2,2,377
2,1,1,1,140
5,2,3,1,228
3,1,2,1,120
5,2,3,1,793
5,3,3,2,457
5,3,3,1,238
4,2,2,2,356
2,1,1,1,94
2,1,1,1,275
4,1,2,1,143
2,1,1,1,99
4,2,2,1,225
6,1,3,1,418
1,1,1,1,152
4,1,2,1,87
2,1,2,1,90
4,0,2,1,117
10,5,4,3,626
2,1,1,1,195
2,2,2,1,109
2,1,1,1,175
6,2,3,2,277
2,1,1,1,295
6,2,3,2,439
2,1,1,1,271
2,1,1,1,115
2,1,1,1,93
1,1,1,0,59
4,2,2,1,196
6,1,3,1,140
1,1,1,1,79
4,1,2,1,143
3,1,4,1,71
4,2,2,1,183
5,2,2,2,428
5,2,3,1,260
6,2,3,2,960
2,1,1,1,130
2,1,1,1,95
2,0,1,1,89
6,2,4,2,554
10,3,4,2,494
4,2,2,2,260
3,1,2,1,188
6,1,3,1,473
3,1,1,1,172
2,1,1,1,129
6,2,3,2,443
6,2,3,2,486
6,1,3,1,578
3,1,2,1,355
8,3,3,3,500
6,2,4,2,478
2,0,1,1,140
3,2,2,1,109
2,1,1,1,100
4,1,2,1,275
2,2,1,2,149
3,1,1,1,120
4,1,1,1,261
8,3,4,2,525
4,1,2,1,314
4,3,4,3,200
4,2,2,2,327
5,2,3,2,213
2,1,1,1,155
1,1,1,1,213
2,1,1,1,127
2,1,1,1,174
1,1,1,1,152
3,1,1,1,129
6,3,3,3,300
2,1,1,1,142
4,2,2,2,150
2,1,1,1,144
2,1,1,1,138
4,2,3,2,323
4,2,4,1,189
2,1,1,1,350
4,1,2,1,187
2,0,1,1,129
2,1,1,1,86
2,0,1,1,165
2,1,1,1,80
1,1,1,2,54
4,2,3,1,125
1,1,1,1,57
4,1,1,2,700
2,1,1,1,150
4,2,2,2,150
4,2,2,2,190
10,3,4,3,239
5,2,2,1,300
6,3,3,2,342
6,2,4,2,319
5,2,2,2,167
4,2,2,2,160
4,2,2,2,165
4,1,2,1,212
2,1,1,1,118
2,1,2,1,108
4,1,2,1,133
3,1,2,2,170
6,2,3,2,350
3,1,1,1,223
4,2,2,2,235
8,4,4,4,499
2,1,1,1,126
8,4,4,3,467
2,1,2,1,99
4,1,2,1,285
2,1,1,1,144
8,3,4,2,296
5,2,3,1,179
2,1,1,1,315
2,1,1,1,141
4,0,0,1,189
2,1,1,1,144
2,1,1,1,192
2,1,1,1,169
2,1,1,1,85
2,1,1,1,100
2,1,1,1,132
2,0,2,1,79
3,1,2,1,146
2,1,1,1,92
4,1,2,1,109
8,4,4,2,261
2,1,1,1,62
2,0,1,1,129
4,1,2,1,464
10,5,6,6,911
2,1,1,1,120
2,1,1,1,257
2,1,1,1,135
12,6,7,3,780
1,1,1,1,93
2,1,0,1,192
2,1,1,1,131
2,1,1,1,188
2,1,1,1,203
2,1,1,1,147
2,1,1,1,386
1,1,1,1,230
8,3,5,2,544
1,1,1,1,132
4,2,2,2,215
4,2,2,1,253
2,1,1,1,79
2,1,1,1,148
2,1,1,1,132
4,2,3,2,575
1,1,1,1,88
2,1,1,1,114
4,1,2,1,300
2,1,1,1,136
6,3,3,2,256
10,5,6,3,400
4,2,2,2,295
6,2,3,2,457
8,3,4,2,188
2,1,1,1,135
3,1,2,1,241
2,1,2,1,140
4,1,2,1,200
8,4,4,3,930
4,1,2,1,102
10,3,5,3,451
4,1,2,1,252
6,2,4,2,500
5,2,3,2,139
2,1,1,1,125
2,1,1,1,265
2,0,1,1,169
1,2,3,1,120
16,7,7,5,1482
2,1,1,1,59
2,1,1,1,118
2,1,2,1,242
5,2,4,2,431
2,1,1,1,95
2,1,1,0,55
7,3,3,2,290
4,2,2,1,190
2,1,1,1,59
4,1,2,1,213
4,2,2,1,164
6,2,3,2,280
4,2,2,2,200
4,2,0,2,268
2,1,1,1,127
3,1,2,1,178
4,1,2,1,133
2,0,1,1,250
2,1,2,1,196
4,2,2,1,204
2,1,1,1,143
12,5,8,4,816
2,1,1,1,115
2,1,1,1,194
3,2,2,1,446
10,4,5,4,1588
4,1,3,1,140
4,2,2,2,319
4,2,2,1,161
10,5,5,4,632
15,7,9,7,975
2,1,1,1,55
3,1,1,1,200
3,2,2,1,159
10,5,5,5,1000
3,1,1,1,235
2,0,1,1,90
2,1,1,1,670
4,2,3,1,131
4,1,2,1,180
8,4,4,3,415
2,1,1,2,95
2,1,1,1,110
2,1,1,1,200
6,3,3,3,417
4,2,2,1,999
1,1,1,1,50
3,1,2,1,165
4,1,1,1,176
4,2,2,2,184
6,3,4,2,383
5,2,2,1,165
3,1,2,1,90
2,1,1,1,58
3,1,2,1,172
2,1,1,1,79
2,1,1,1,127
2,0,1,1,262
1,1,1,1,45
4,2,2,2,220
2,1,1,1,121
2,1,1,1,180
4,2,2,2,225
4,2,2,1,164
5,2,3,2,150
4,2,3,2,287
4,2,2,2,300
2,1,1,1,38
8,3,5,1,299
4,1,2,1,400
4,2,3,1,215
8,4,4,4,400
4,1,1,1,275
2,1,1,1,261
4,2,2,2,259
4,1,2,1,283
4,2,2,2,373
2,1,2,1,118
2,1,4,1,138
4,2,2,1,109
4,2,2,1,220
2,1,1,1,126
2,1,1,1,200
2,1,1,1,250
2,1,1,1,112
3,1,2,1,229
4,2,2,3,250
4,1,2,1,189
2,1,1,1,118
2,0,1,1,133
6,3,3,2,312
4,2,0,3,120
4,2,2,1,174
2,1,1,1,38
2,1,1,1,100
2,1,1,1,290
2,1,1,2,168
6,3,3,2,458
4,1,3,2,216
5,2,3,2,360
2,1,1,1,135
8,4,4,2,690
2,1,1,1,101
2,1,1,1,187
2,1,1,1,164
1,1,1,1,55
6,2,2,2,286
2,1,1,2,147
2,1,1,1,221
6,2,4,1,116
2,1,1,1,128
2,1,1,2,142
6,2,3,2,209
6,2,3,2,721
4,2,2,2,396
1,3,3,2,114
2,0,1,1,105
4,1,3,1,240
3,1,2,1,180
4,2,3,2,160
4,2,3,1,176
2,1,1,1,120
4,2,2,2,383
2,1,2,1,80
2,1,1,1,265
2,1,1,1,150
2,2,2,1,196
2,1,2,1,217
2,1,1,1,75
4,1,2,1,195
6,2,3,1,203
4,2,2,2,368
2,1,1,1,75
4,1,2,1,195
6,2,3,1,311
4,1,2,1,182
7,4,4,2,309
6,2,4,1,116
2,1,1,1,129
2,1,1,1,146
6,2,3,2,525
2,1,1,1,73
2,1,1,1,75
2,0,1,1,129
1,1,1,1,60
2,1,1,1,233
1,1,1,1,52
6,3,3,2,300
4,2,2,1,217
4,1,2,2,158
1,1,1,1,40
2,1,2,1,161
3,1,4,1,249
2,1,1,1,65
2,1,1,1,75
4,2,2,2,141
4,1,2,1,326
2,1,1,1,130
2,1,0,1,110
2,1,1,1,86
4,2,2,2,339
4,1,2,1,201
4,1,2,1,217
2,0,2,1,79
6,2,3,2,182
7,3,4,2,167
2,1,1,1,137
4,1,2,1,149
2,1,1,1,61
4,1,1,1,105
5,2,2,1,239
2,1,1,1,181
2,1,1,1,262
2,1,1,1,120
10,6,6,4,933
2,1,1,1,233
6,2,3,2,934
2,1,1,1,264
2,1,1,1,81
4,3,2,1,151
2,1,1,1,130
2,0,1,1,148
4,2,2,2,275
10,5,5,4,604
4,1,3,2,273
8,4,4,3,800
4,2,2,1,90
3,2,2,1,146
8,4,4,3,319
1,1,1,1,200
5,2,3,2,291
2,1,1,1,128
1,1,1,1,200
1,1,1,1,200
1,1,1,1,200
1,1,1,1,200
1,1,1,1,200
1,1,1,1,200
1,1,1,1,200
1,3,2,1,64
1,1,1,1,200
1,1,1,1,200
1,1,1,1,200
1,1,1,1,200
4,1,2,1,182
4,2,2,2,170
4,1,2,1,247
4,3,0,2,600
4,2,3,1,183
4,2,3,1,249
2,1,1,1,122
2,1,1,1,113
2,1,1,1,63
6,2,2,2,352
2,1,1,1,138
2,1,1,1,250
4,1,2,1,130
10,4,4,3,798
2,1,1,0,72
4,2,3,1,250
3,1,2,1,190
1,1,1,2,57
1,1,1,2,54
2,1,1,1,127
4,1,1,1,175
5,2,3,2,360
2,1,1,1,204
4,2,2,3,489
4,1,2,1,241
8,4,4,3,252
2,1,2,1,120
2,1,1,1,95
2,1,1,1,264
4,2,2,2,342
4,1,0,1,257
4,2,2,1,261
3,1,2,1,257
6,3,3,2,353
3,2,2,1,138
2,1,1,1,106
2,1,1,1,36
4,1,2,1,130
4,1,1,1,110
4,3,3,2,349
1,1,1,1,66
5,2,2,2,985
2,1,1,1,169
2,1,1,1,64
4,2,2,1,179
6,3,0,2,359
3,2,2,1,271
4,2,2,1,197
8,4,4,2,290
2,1,1,1,246
2,1,1,1,302
2,1,1,1,239
1,1,0,2,79
4,1,2,1,234
11,5,6,3,1870
7,2,3,2,339
3,1,1,1,98
2,1,1,1,150
6,3,3,2,324
3,1,1,1,229
2,1,1,1,235
2,1,1,1,99
6,4,4,1,239
4,1,2,1,250
11,5,5,3,677
4,1,2,1,299
4,1,2,1,216
4,1,1,1,210
2,1,1,1,115
2,1,1,1,144
6,2,3,1,287
1,1,1,1,50
2,1,1,1,92
2,1,1,1,56
4,2,2,2,428
2,1,1,1,111
2,1,1,1,104
2,1,1,2,70
2,1,1,1,70
3,1,2,1,110
4,1,2,1,255
6,2,4,2,525
3,1,2,1,232
4,2,4,1,137
7,3,5,3,721
2,1,1,1,224
2,1,1,1,321
1,1,1,1,95
5,2,2,2,120
4,2,2,1,252
4,1,2,1,344
5,2,2,1,120
3,1,1,1,136
2,1,1,2,160
6,3,3,2,250
6,3,3,1,231
4,1,2,1,240
5,2,2,2,155
9,3,5,2,2360
4,2,2,1,229
3,1,0,1,302
4,2,2,1,387
4,2,2,1,173
2,1,2,1,183
2,1,0,1,154
6,2,3,2,455
3,1,2,1,140
2,1,1,1,141
3,1,2,1,293
2,1,1,1,317
4,2,2,1,200
2,1,1,1,130
4,2,2,1,102
5,2,3,2,193
5,2,3,2,205
4,1,1,1,300
2,1,1,1,120
4,1,0,1,250
4,2,2,1,186
3,1,2,1,143
6,3,6,2,312
2,1,1,1,75
2,1,1,1,111
4,2,3,1,288
2,1,1,2,127
7,3,4,2,376
6,2,4,2,332
6,2,3,2,333
6,1,3,2,350
2,1,2,1,80
1,1,1,1,55
2,1,2,1,191
1,1,1,1,52
3,1,1,1,199
3,1,1,1,189
6,3,3,2,385
4,2,2,2,210
1,1,1,1,55
4,2,2,1,155
4,1,2,1,170
1,1,1,1,55
1,1,1,1,160
7,3,3,1,200
6,2,2,2,163
8,4,4,2,548
2,1,1,1,180
4,1,1,1,180
3,1,1,1,188
2,1,1,1,249
8,3,4,1,189
4,2,2,1,191
2,1,1,1,96
1,1,1,1,63
2,1,1,1,108
4,2,2,1,99
3,2,2,1,207
4,2,2,2,300
5,2,2,1,110
6,2,3,1,165
7,2,4,2,542
2,1,0,1,200
5,2,3,1,214
4,2,2,1,149
2,1,1,1,134
2,1,1,1,186
5,2,0,1,186
5,3,3,2,297
4,1,2,1,309
1,1,1,1,100
5,2,3,2,453
2,1,0,1,106
4,1,2,1,256
3,1,2,1,112
2,1,1,1,124
2,0,1,1,72
4,1,2,1,230
4,1,2,1,139
15,6,0,5,1280
6,3,4,1,609
2,1,1,1,91
2,1,1,1,128
6,2,3,2,219
3,1,1,1,150
4,2,2,1,225
4,2,2,1,196
3,1,2,1,158
4,1,2,1,279
5,1,3,1,275
4,2,2,1,190
8,3,3,2,328
6,2,3,1,288
1,1,0,1,80
4,1,2,1,135
3,1,1,1,93
4,2,2,3,217
4,2,2,1,159
6,3,3,2,776
4,2,0,2,286
6,3,3,1,194
6,4,4,1,330
4,2,2,2,196
5,2,3,2,394
4,2,2,2,346
2,0,0,1,95
6,2,3,1,237
4,2,4,1,106
3,1,2,1,129
5,2,0,1,73
6,3,3,2,272
2,0,1,0,100
6,2,2,1,202
4,2,2,1,247
4,2,2,1,105
5,2,2,1,278
2,1,1,1,129
6,2,3,1,246
2,1,1,2,150
4,1,1,1,121
1,1,1,1,45
1,1,1,1,120
12,6,6,4,384
2,1,1,1,298
3,1,1,1,135
2,1,1,1,150
4,2,2,1,281
2,1,1,1,207
4,2,2,1,179
4,2,3,1,181
2,1,1,1,280
6,2,3,2,342
4,2,0,1,197
2,1,1,1,185
2,1,1,1,156
3,1,1,1,115
1,2,0,1,110
4,2,3,1,196
1,0,1,1,52
1,1,1,1,52
4,2,0,1,105
8,3,5,2,693
4,2,0,2,133
4,2,2,2,475
2,0,1,1,100
2,1,1,1,136
10,5,0,4,1184
2,1,1,1,135
4,2,2,1,329
2,1,1,1,114
2,1,1,1,114
3,1,1,1,129
4,1,2,1,180
4,1,2,1,237
2,0,1,1,100
4,2,2,2,200
2,1,2,1,95
2,1,1,1,177
2,1,2,1,66
1,1,1,1,20
2,1,1,1,135
1,1,1,1,53
1,1,0,1,55
3,2,2,1,186
5,2,2,2,511
5,2,3,1,293
2,1,1,1,113
4,2,2,1,304
2,1,1,1,193
2,1,1,1,105
2,1,1,1,108
10,5,5,4,1329
3,1,2,1,214
7,3,4,2,187
4,2,2,2,141
4,3,3,1,228
2,1,1,1,200
8,4,3,2,377
2,1,2,1,99
6,2,3,1,249
4,1,2,1,501
2,1,1,1,85
5,2,3,1,160
4,2,2,1,348
3,1,2,1,301
2,1,1,1,37
2,1,1,1,38
2,1,1,1,130
2,0,1,1,110
2,1,1,1,198
4,1,2,1,135
2,1,1,1,112
2,1,1,1,90
3,1,1,1,199
4,1,2,1,214
6,2,3,1,336
4,1,2,1,262
7,2,3,2,557
4,2,0,1,120
4,1,2,1,528
2,1,1,1,122
4,2,2,1,183
1,1,1,0,55
1,1,1,0,77
4,2,4,1,273
4,1,2,1,245
2,1,1,2,157
2,1,1,1,148
4,2,2,2,194
3,1,2,1,530
8,4,4,4,498
6,3,3,1,421
4,2,2,2,561
4,2,2,1,140
4,2,4,1,241
4,3,2,2,699
2,1,1,1,70
2,1,1,1,59
2,1,2,1,326
3,1,3,1,330
9,5,5,3,463
4,1,2,1,234
2,3,3,1,56
2,1,1,1,90
4,2,2,2,500
2,1,1,1,130
2,0,1,1,165
1,0,1,1,106
2,1,1,1,250
2,1,2,1,95
2,1,1,1,110
2,1,1,1,89
4,2,2,2,350
6,2,2,1,155
2,1,1,1,130
4,1,1,1,203
4,1,0,1,208
5,2,3,2,371
2,1,1,1,160
6,2,0,2,224
4,1,2,1,150
6,3,3,2,334
4,2,2,1,27
3,0,1,1,121
6,3,3,2,316
4,2,0,2,195
6,3,3,3,313
4,2,3,1,276
10,5,5,4,396
9,4,6,3,664
2,1,0,0,200
6,2,2,2,404
6,3,3,1,318
6,2,3,1,222
2,1,2,1,711
6,2,3,2,193
8,3,5,1,235
8,2,2,2,268
4,2,2,2,140
1,1,1,1,70
10,3,0,3,354
2,1,1,1,257
7,3,4,1,263
2,1,1,1,65
3,1,3,1,109
8,3,4,1,229
6,2,2,1,240
2,1,1,1,230
4,1,0,1,259
4,2,3,2,405
4,2,2,1,214
10,4,7,2,416
4,2,2,1,159
2,1,0,1,123
4,2,0,1,167
2,1,1,1,260
6,2,3,1,225
8,2,3,1,286
3,2,1,2,215
2,1,1,1,72
5,1,2,2,194
3,1,2,1,98
1,1,1,1,66
4,1,2,1,171
2,1,1,1,176
10,4,5,2,190
4,1,2,1,128
4,2,2,1,128
6,3,3,1,308
2,1,2,1,135
2,1,2,1,235
2,1,1,1,97
2,1,1,1,150
4,2,3,1,200
2,1,1,1,90
4,1,1,1,232
4,1,2,1,479
2,1,2,1,304
2,1,1,1,120
2,1,1,1,476
4,2,0,1,179
6,3,3,2,250
2,1,2,1,239
4,2,2,2,166
2,1,2,1,100
5,3,1,2,358
2,1,0,1,990
5,2,2,1,163
4,2,2,1,207
2,1,0,1,112
5,3,0,1,320
4,2,1,1,280
2,1,1,1,88
4,2,2,2,376
4,1,2,1,300
2,1,0,1,86
3,1,2,1,154
6,2,4,2,366
4,2,2,2,302
2,0,2,1,286
2,1,1,1,64
6,2,3,1,183
2,1,0,1,99
2,1,1,0,101
2,1,0,1,288
2,1,1,1,319
10,3,4,2,276
10,3,3,1,200
2,1,1,1,92
4,1,2,1,202
4,1,0,1,269
2,1,1,2,382
4,2,2,1,276
1,1,3,1,50
4,2,5,1,155
2,1,2,1,160
2,1,0,1,200
4,2,2,1,190
4,1,2,1,279
2,1,1,1,172
2,1,1,0,80
8,4,5,3,500
4,2,0,2,173
3,2,2,1,176
4,2,2,1,135
2,1,1,1,132
2,1,2,1,119
2,1,1,0,48
4,2,4,1,247
4,1,2,1,139
4,1,2,1,244
4,2,2,1,172
2,1,1,1,129
6,3,3,2,162
8,4,4,3,411
4,2,2,1,180
4,2,2,1,175
2,1,1,1,206
6,3,4,2,205
3,1,2,1,199
7,3,3,2,471
5,2,3,2,188
2,1,0,2,88
2,0,1,1,80
2,1,1,1,110
7,4,4,2,181
7,4,4,2,180
7,4,4,2,197
3,1,2,1,109
6,3,4,2,364
1,1,1,1,55
2,1,1,1,55
2,1,1,1,300
2,1,1,1,178
3,1,1,1,222
4,1,0,1,236
2,1,1,1,112
2,1,1,1,139
4,2,2,3,600
9,4,6,3,557
2,1,1,1,66
3,1,0,1,250
2,1,1,1,112
2,1,1,1,132
2,1,1,1,78
4,2,2,2,371
4,1,2,1,317
4,1,2,1,181
7,3,3,2,228
2,1,1,1,151
2,1,1,1,45
2,1,0,1,42
2,1,1,1,63
2,1,1,1,102
6,3,3,2,562
4,2,2,2,170
6,4,5,2,350
2,1,0,0,78
2,1,0,1,166
1,1,0,1,108
2,1,1,1,108
1,1,1,1,108
4,0,2,0,220
4,1,2,1,164
7,3,4,2,300
4,2,0,1,364
2,1,1,2,150
4,1,2,1,226
4,3,2,2,120
1,2,1,1,59
6,3,3,3,292
8,3,4,1,373
2,1,1,1,79
4,2,2,2,414
2,1,1,1,200
6,2,3,1,196
6,2,0,2,223
2,1,1,1,224
4,1,2,1,193
2,1,1,1,160
4,2,3,2,143
11,4,4,2,485
10,5,5,3,555
5,2,0,1,165
2,0,1,1,293
7,2,4,2,410
6,2,3,1,210
2,0,1,1,136
2,1,1,1,176
2,1,1,2,96
1,1,1,1,49
1,1,1,1,52
3,0,0,1,163
3,2,2,1,165
4,1,0,1,179
4,2,3,2,161
2,1,1,1,92
4,2,3,2,321
3,1,2,1,239
4,1,2,1,224
5,2,2,1,181
11,6,6,6,1100
2,1,1,1,190
9,4,7,1,466
4,2,2,2,236
5,2,3,1,288
2,1,1,1,88
8,4,0,3,572
4,1,2,1,211
2,2,2,1,85
4,2,2,1,311
4,2,0,1,200
1,1,1,2,70
2,0,1,1,218
2,1,1,1,64
2,1,0,1,112
2,1,1,1,160
3,2,2,1,168
2,1,1,1,243
4,2,3,1,232
4,1,2,1,115
4,1,2,1,175
4,2,2,2,193
4,2,2,1,172
6,2,3,1,362
5,2,3,2,397
2,1,1,1,143
4,1,2,1,134
6,2,3,2,285
3,1,2,1,164
3,1,2,1,150
2,1,1,1,200
1,1,1,1,43
2,1,0,1,190
4,1,1,1,162
6,3,3,3,403
2,1,1,1,146
2,0,1,1,86
2,0,1,1,152
2,1,0,1,170
4,2,0,1,226
1,3,1,1,54
4,1,2,1,350
2,1,1,1,50
3,2,1,1,134
2,1,1,1,100
2,1,0,0,104
2,1,1,1,123
5,2,3,1,325
5,3,3,1,136
2,1,1,1,146
2,1,1,1,139
2,1,1,1,57
4,1,2,1,239
2,1,0,1,150
2,1,1,1,150
2,1,1,1,130
2,1,0,1,91
5,3,3,2,423
6,2,3,2,679
4,1,1,1,237
4,1,3,1,250
6,2,3,1,158
1,1,1,1,75
10,6,0,3,800
4,1,2,1,194
2,1,1,1,107
6,2,2,1,208
2,1,1,1,90
3,1,1,1,135
4,2,0,1,232
2,1,1,1,204
6,3,3,2,323
4,2,2,2,207
6,3,3,2,600
6,2,3,2,429
2,1,1,1,287
4,2,2,1,198
6,2,4,2,214
5,2,2,2,195
2,1,1,1,114
3,1,1,1,223
6,3,4,2,441
4,2,2,1,205
3,1,2,1,220
3,0,2,1,129
3,1,2,1,120
1,1,1,1,55
2,1,1,2,59
2,0,2,1,69
2,1,1,1,117
5,3,3,3,223
4,2,0,2,600
4,1,2,1,199
5,1,1,1,1422
2,1,1,1,84
4,2,2,2,389
4,1,2,1,174
6,3,3,2,252
3,2,2,1,104
2,0,1,1,84
1,1,0,1,120
2,1,1,1,104
2,1,1,1,100
3,1,2,1,306
4,2,2,1,186
4,2,2,1,200
4,2,2,1,250
5,2,3,1,120
4,1,2,1,214
4,2,3,1,430
6,3,2,3,728
4,2,0,1,303
6,3,0,3,650
2,1,1,1,210
4,1,2,1,317
5,2,2,1,264
4,2,2,1,179
2,1,3,1,121
2,1,1,1,5250
10,4,0,3,706
3,1,1,1,819
2,1,0,1,110
2,0,0,0,1228
5,1,1,1,1228
2,1,0,1,225
10,5,5,4,497
4,1,2,1,254
4,1,1,1,484
5,1,2,1,243
4,2,2,1,288
6,3,0,2,352
2,1,1,1,104
8,4,4,2,350
2,1,0,1,95
2,1,1,1,112
6,3,4,2,340
2,1,1,1,323
2,1,1,1,120
10,3,6,3,399
6,3,0,2,371
6,3,0,2,345
5,2,0,1,237
6,3,4,2,344
4,2,2,1,183
2,0,3,1,98
4,2,2,1,220
2,1,0,1,137
4,2,2,1,262
12,3,3,3,1600
8,4,4,3,529
2,1,1,1,260
3,1,2,2,82
4,1,2,1,290
10,5,1,2,600
8,2,3,2,485
6,2,3,2,340
2,1,1,1,164
12,4,5,3,684
2,1,1,1,99
6,3,3,1,189
4,2,2,2,279
5,2,3,1,205
2,1,1,1,150
10,4,6,3,584
2,1,1,1,175
4,2,0,1,115
1,1,1,1,56
7,3,3,3,276
3,3,3,2,258
2,1,0,1,141
2,1,1,0,108
3,1,1,1,279
4,1,0,1,95
3,1,4,1,229
6,2,3,2,407
2,1,0,2,80
2,1,1,1,130
2,1,1,1,70
1,1,1,1,85
1,1,0,1,75
1,1,1,1,55
4,1,2,1,299
4,1,1,1,190
2,1,0,1,75
4,1,0,1,150
2,1,1,1,124
2,1,1,1,130
2,1,1,1,107
8,3,4,2,360
2,1,1,1,79
2,0,1,1,108
4,2,2,1,179
5,0,0,1,1358
5,2,2,1,211
6,2,3,2,400
7,3,4,3,690
4,2,3,1,187
2,0,1,1,75
3,1,1,1,189
4,2,2,1,144
5,3,3,1,142
2,0,1,1,75
4,2,2,1,215
4,3,3,2,244
4,1,1,1,214
2,0,1,1,81
2,0,1,0,86
6,3,3,2,302
4,1,2,1,270
2,0,1,1,83
4,2,1,1,184
6,3,2,3,564
3,1,1,1,188
3,2,2,1,134
6,3,3,2,320
4,2,2,2,271
2,1,1,1,129
1,1,1,1,44
1,1,1,1,49
4,2,2,3,200
6,2,3,1,320
2,1,1,1,109
4,2,2,2,500
1,1,1,1,43
4,2,2,3,468
8,4,4,3,552
2,1,1,1,126
4,1,2,1,296
5,3,3,2,320
3,1,1,1,80
4,1,2,1,259
5,3,3,1,130
6,2,2,2,326
2,1,1,1,112
4,2,3,1,144
2,1,1,1,258
3,1,2,1,243
4,1,2,1,152
4,2,2,1,175
4,2,2,1,270
1,1,1,1,50
4,2,2,1,230
4,2,3,1,168
3,2,1,1,188
5,2,1,1,266
4,2,2,1,180
2,1,1,1,135
2,1,1,1,135
4,2,2,1,205
5,3,3,2,373
4,1,1,1,116
5,2,2,1,201
6,2,2,2,250
6,2,3,1,494
2,1,1,1,70
2,1,1,1,210
1,1,1,2,69
2,1,1,1,200
3,1,2,1,125
4,1,2,1,241
4,1,1,1,170
2,1,2,0,197
2,1,1,1,235
2,1,1,1,166
4,1,2,1,192
2,1,1,1,121
4,1,2,1,152
6,3,3,2,400
2,1,1,1,121
6,3,3,2,337
12,5,6,3,280
4,2,2,2,200
2,1,1,1,129
1,1,1,1,66
4,2,2,3,800
2,1,1,1,178
2,1,1,1,171
2,1,1,1,75
4,2,3,1,200
2,0,2,1,105
4,2,2,2,799
1,1,1,1,56
2,1,1,1,150
2,1,1,1,228
2,1,1,1,123
12,5,6,4,736
4,2,3,1,290
2,1,1,1,196
2,1,2,1,132
3,1,2,1,151
8,2,3,1,131
4,2,2,1,125
6,3,3,1,248
3,1,2,1,100
2,1,1,1,97
2,1,1,1,101
6,3,3,2,388
14,5,7,5,627
2,1,1,1,162
2,1,1,2,140
4,1,2,1,157
2,1,2,1,139
3,2,2,1,254
4,1,3,1,264
4,1,1,1,240
3,1,1,1,136
2,1,1,1,82
2,1,1,1,101
4,1,2,1,181
2,0,1,1,90
2,2,1,1,54
2,1,1,1,134
2,1,1,1,145
1,1,1,1,150
2,1,1,1,147
4,2,2,1,238
4,2,2,1,180
5,2,2,1,319
2,1,1,1,229
3,1,2,1,232
4,2,2,2,377
4,1,2,1,99
2,1,1,1,101
2,1,1,1,98
2,0,0,1,287
2,1,1,1,255
2,1,1,1,92
6,3,4,2,495
4,2,2,1,180
2,1,1,1,214
2,1,1,1,180
4,2,2,1,135
5,3,3,2,272
4,1,2,1,228
5,3,3,2,500
4,2,2,1,260
4,2,3,1,294
2,1,2,1,79
4,2,2,2,364
2,1,1,1,75
2,1,1,1,79
4,1,2,1,275
4,1,3,1,191
2,1,1,1,79
4,1,1,2,135
12,1,2,1,206
2,1,1,1,203
2,1,1,1,153
4,2,2,2,288
1,1,1,1,74
3,2,1,1,180
4,2,2,2,319
3,1,1,1,178
5,2,3,1,232
4,1,2,1,246
3,1,1,1,109
2,1,1,1,222
3,1,1,1,280
5,3,3,2,290
4,2,2,1,189
2,1,1,1,220
10,3,5,4,500
5,2,3,1,168
4,2,2,2,210
4,2,2,1,165
2,1,1,1,176
6,3,3,2,235
7,3,4,2,219
1,1,1,1,174
2,1,1,1,450
2,1,1,1,151
2,1,1,1,250
6,3,3,2,370
2,1,1,1,205
2,1,1,1,139
2,1,1,1,73
2,1,1,1,165
5,3,3,2,259
2,1,1,1,126
6,2,2,2,182
2,1,2,1,96
4,2,2,3,225
4,2,2,2,330
4,2,2,2,453
4,2,2,3,430
3,1,2,1,214
6,2,3,2,307
2,1,2,1,89
2,1,1,1,116
2,1,1,1,129
5,2,3,2,298
2,1,1,1,223
4,1,1,1,341
2,1,1,1,185
5,2,3,1,136
2,1,1,1,77
2,1,1,1,79
2,1,1,1,79
4,1,2,1,135
10,5,5,1,9999
8,4,4,4,518
2,1,1,1,142
1,1,1,1,78
6,1,2,2,82
4,1,1,1,208
3,1,1,1,120
2,1,1,1,106
8,3,3,1,180
5,2,3,2,274
4,1,2,1,101
4,2,2,2,479
5,2,2,1,442
2,1,1,2,99
8,3,4,1,380
2,1,1,1,199
4,1,1,1,127
8,4,4,6,1200
6,3,4,2,369
3,1,1,1,48
2,1,2,1,88
2,1,2,1,240
3,1,2,1,338
2,1,1,1,104
4,1,3,2,314
6,2,2,2,257
4,2,2,1,120
4,1,2,1,162
2,1,1,1,139
4,2,3,2,379
2,1,1,1,120
4,2,2,2,230
1,1,1,1,43
2,1,1,0,119
2,1,1,0,119
2,1,1,0,119
4,2,2,1,172
4,1,1,1,205
2,1,1,0,139
2,1,1,0,119
2,1,1,0,109
2,1,1,1,119
2,1,1,1,139
2,1,1,1,298
2,1,1,1,78
5,2,2,1,450
2,1,1,2,82
3,1,1,1,133
4,2,2,2,391
12,5,5,6,588
6,3,3,2,241
2,1,1,1,64
4,1,2,1,233
2,1,1,1,113
6,2,1,2,499
8,4,4,3,655
7,2,4,1,140
2,0,1,1,146
2,1,1,1,86
3,1,1,1,164
5,2,3,2,190
6,2,2,2,121
4,2,3,1,138
4,1,2,2,269
2,1,1,1,98
4,2,2,1,181
6,3,3,2,162
7,2,3,1,585
2,1,1,1,95
1,2,2,1,63
6,3,3,1,204
2,1,1,1,78
2,1,1,1,279
2,0,1,1,91
5,2,3,2,428
2,1,1,1,72
2,1,1,1,150
2,1,1,1,72
2,1,1,1,300
3,1,2,1,153
4,0,2,1,72
4,1,2,1,263
4,2,2,1,155
2,1,1,1,140
2,1,1,1,98
4,1,2,1,134
2,1,1,1,133
3,1,2,2,300
8,3,4,3,484
6,3,3,1,358
2,1,1,1,126
4,2,2,1,144
2,0,1,1,132
4,2,2,2,219
2,1,1,1,131
5,2,2,1,200
2,1,1,1,97
2,1,1,1,170
2,1,1,1,97
2,1,1,1,95
2,1,1,1,161
8,4,4,2,334
6,3,5,2,357
2,1,1,1,213
5,2,2,1,259
4,2,3,1,120
2,1,1,1,161
2,1,1,1,96
2,1,1,1,220
3,2,2,2,350
4,1,1,1,244
5,2,3,2,400
6,2,3,1,378
4,2,2,3,272
4,2,2,1,168
10,5,5,3,404
1,1,1,1,43
2,1,1,1,161
2,1,1,1,134
2,1,1,1,172
2,1,1,1,134
2,1,1,1,120
3,1,2,1,175
3,1,2,1,127
6,2,3,1,220
2,1,1,1,199
4,2,2,2,282
4,2,2,1,155
5,3,2,2,249
2,1,1,1,84
4,2,3,2,307
4,2,4,1,214
3,1,1,1,103
2,0,1,1,83
1,1,1,1,102
4,1,2,1,200
5,1,2,1,312
4,2,2,2,137
2,0,1,1,71
4,1,2,1,230
4,2,4,1,254
9,4,4,4,360
3,2,3,1,120
4,2,2,2,300
6,3,3,2,258
4,2,2,1,171
2,1,1,1,150
2,1,2,2,140
8,2,4,1,242
4,1,1,1,177
5,2,3,1,194
6,3,4,1,326
2,1,1,1,127
2,1,1,1,137
4,2,4,1,188
2,1,1,1,205
4,1,2,1,97
7,4,4,3,320
4,1,2,1,174
3,1,2,1,97
2,1,1,1,84
4,2,3,1,100
4,1,2,1,101
3,1,2,1,101
2,1,1,1,84
2,1,1,2,110
2,0,1,1,94
2,0,1,1,80
4,1,2,1,160
2,1,1,1,131
4,2,2,1,245
4,2,2,2,519
4,2,2,2,341
3,1,2,1,140
2,1,1,1,128
2,1,1,1,161
5,2,3,2,415
5,2,3,1,390
6,3,3,2,275
4,2,2,1,147
2,1,1,1,75
4,2,3,2,250
4,2,2,2,328
2,1,1,1,75
7,2,3,2,343
2,0,1,1,75
2,0,1,1,75
2,0,1,1,80
4,2,3,1,236
10,5,5,2,318
3,2,2,1,947
4,1,2,1,300
3,2,1,1,245
2,1,1,1,79
1,0,1,1,60
1,0,1,1,63
6,2,2,1,168
6,3,4,2,391
4,1,2,1,164
12,1,2,1,285
4,2,2,2,358
4,2,2,1,263
2,1,1,1,95
14,6,8,5,738
6,3,3,2,354
8,3,5,3,258
8,3,5,3,260
8,3,5,3,262
8,3,5,3,257
3,2,2,1,240
5,1,2,1,136
3,2,1,1,245
2,1,1,1,158
4,2,2,2,170
2,1,1,1,220
2,1,1,1,110
4,2,2,2,176
6,2,3,2,256
3,1,1,1,240
4,1,1,1,173
4,1,0,1,148
2,1,1,1,241
2,1,2,1,145
4,2,2,2,275
4,2,2,1,168
4,2,2,2,240
2,1,1,1,145
2,1,1,1,115
2,1,1,1,135
3,2,2,1,110
1,1,1,1,64
6,2,3,1,239
1,1,1,1,55
2,1,1,1,406
4,2,2,1,385
5,2,2,1,316
5,2,3,1,253
2,1,1,1,301
4,2,2,1,110
2,1,1,1,150
2,1,1,1,207
4,1,2,1,384
2,0,1,1,115
1,0,2,1,48
2,1,1,1,96
1,1,1,1,59
2,1,1,1,81
2,1,1,1,102
2,1,1,1,79
6,3,3,1,190
3,2,2,1,229
3,1,1,1,283
3,2,2,1,154
2,0,1,1,77
2,0,1,1,82
5,3,3,2,257
6,3,4,2,246
4,1,1,1,135
4,2,2,1,300
1,1,1,1,42
2,1,1,1,57
5,2,3,1,311
2,1,1,1,245
4,2,2,2,184
2,1,1,1,169
4,2,2,1,213
2,1,1,1,110
2,1,1,1,133
5,3,3,2,292
6,2,2,1,209
2,1,1,1,122
4,2,3,1,342
2,1,1,1,87
1,0,1,1,72
1,0,1,1,72
5,3,3,2,264
2,2,1,1,271
4,1,2,1,360
5,3,3,2,272
4,1,2,1,227
2,1,1,1,242
3,1,4,1,36
6,3,4,2,345
2,1,1,1,105
4,2,2,2,59
2,1,1,1,198
4,1,2,1,229
5,3,3,3,248
4,2,2,2,156
2,1,1,1,149
6,2,3,2,358
4,2,2,2,159
5,2,2,1,247
6,2,3,1,115
4,2,2,1,248
7,3,4,3,264
4,2,2,1,197
3,1,2,1,150
6,3,3,2,577
3,1,1,1,122
6,2,3,1,210
3,1,2,1,68
3,1,2,1,262
4,2,2,1,200
3,2,2,1,161
4,2,2,2,387
2,1,1,1,240
2,1,1,1,85
2,1,1,1,52
4,2,2,1,153
2,1,1,1,60
2,1,1,1,52
1,1,1,0,170
9,5,5,4,1200
4,2,2,1,180
7,2,4,2,425
4,2,2,2,241
2,1,1,1,90
6,1,3,2,168
2,1,1,1,224
2,1,1,1,63
4,2,2,2,191
2,2,1,1,85
2,1,1,0,129
8,3,4,2,222
2,1,1,1,199
5,2,2,1,189
2,1,1,1,55
4,1,2,1,159
8,3,4,2,187
12,4,7,5,500
4,2,2,2,151
4,2,2,2,200
4,2,3,1,145
9,4,5,2,423
5,2,3,2,188
4,2,2,1,233
4,2,2,2,232
2,1,1,1,86
2,1,1,1,69
3,1,2,1,185
4,1,2,1,639
6,2,4,2,132
4,2,2,1,159
4,2,2,1,200
7,3,3,3,326
2,1,1,1,200
4,2,2,2,200
4,2,3,2,406
2,1,1,1,336
3,1,1,1,175
8,4,5,3,1200
4,1,1,1,144
2,1,1,1,108
5,3,3,2,283
